userID;scenarioID;controlMode;elapsedTimeSinceAccess;activeRequests;succeededRequests;mousePositionX;mousePositionY;usingMultiView;usingSingleViewMain;EyeGazeArea;MouseTravelDistanceInCm;mouseClickLeft;mouseClickRight;pressLeftCtrl;pressShift;
OA09;12;Waypoint;0,0;4;0;1369;660;False;False;None;0;0;0;0;0;
OA09;12;Waypoint;0,1;4;0;1369;660;False;False;None;0;0;0;0;0;
OA09;12;Waypoint;0,2;4;0;1369;660;False;False;None;0;0;0;0;0;
OA09;12;Waypoint;0,3;4;0;1369;660;False;False;None;0;0;0;0;0;
OA09;12;Waypoint;0,4;4;0;1369;660;False;False;None;0;0;0;0;0;
OA09;12;Waypoint;0,5;4;0;1362;657;False;False;MainView;0;0;0;0;0;
OA09;12;Waypoint;0,6;4;0;1047;691;False;False;RequestList;6,854051;0;0;0;0;
OA09;12;Waypoint;0,7;4;0;631;863;False;False;RequestList;19,52977;0;0;0;0;
OA09;12;Waypoint;0,8;4;0;501;971;False;False;None;24,9061;0;0;0;0;
OA09;12;Waypoint;0,9;4;0;375;1087;False;False;None;29,34978;0;0;0;0;
OA09;12;Waypoint;1,0;4;0;246;1160;False;False;RequestList;33,59836;0;0;0;0;
OA09;12;Waypoint;1,1;4;0;204;1181;False;False;RequestList;35,32935;0;0;0;0;
OA09;12;Waypoint;1,2;4;0;190;1185;False;False;None;35,82847;0;0;0;0;
OA09;12;Waypoint;1,3;4;0;200;1182;False;False;RequestList;35,90873;1;0;0;0;
OA09;12;Waypoint;1,4;4;0;543;1077;False;False;RequestList;42,24843;1;0;0;0;
OA09;12;Waypoint;1,5;4;0;994;968;False;False;RequestList;56,89594;1;0;0;0;
OA09;12;Waypoint;1,6;4;0;1043;958;False;True;MainView;59,49405;1;0;0;0;
OA09;12;Waypoint;1,7;4;0;1043;958;False;True;MainView;59,49405;1;0;0;0;
OA09;12;Waypoint;1,8;4;0;1043;958;False;True;MainView;59,49405;1;0;0;0;
OA09;12;Waypoint;1,9;4;0;1043;958;False;True;MainView;59,49405;1;0;0;0;
OA09;12;Waypoint;2,0;4;0;1043;958;False;True;MainView;59,49405;1;0;0;0;
OA09;12;Waypoint;2,1;4;0;1043;958;False;True;MainView;59,49405;1;0;0;0;
OA09;12;Waypoint;2,2;4;0;1082;937;False;True;MainView;60,68637;1;0;0;0;
OA09;12;Waypoint;2,3;4;0;1288;835;False;True;MainView;66,83713;1;0;0;0;
OA09;12;Waypoint;2,4;4;0;1509;762;False;True;MainView;73,08611;1;0;0;0;
OA09;12;Waypoint;2,5;4;0;1747;765;False;True;MainView;79,4956;1;0;0;0;
OA09;12;Waypoint;2,6;4;0;1897;838;False;True;MainView;84,05054;1;0;1;0;
OA09;12;Waypoint;2,7;4;0;1953;898;False;True;MainView;86,25319;1;0;1;0;
OA09;12;Waypoint;2,8;4;0;2037;926;False;True;MainView;87,97019;1;0;1;0;
OA09;12;Waypoint;2,9;4;0;2135;971;False;True;MainView;91,52769;1;0;1;0;
OA09;12;Waypoint;3,0;4;0;2191;1024;False;True;SecondaryView;93,63014;1;0;1;0;
OA09;12;Waypoint;3,1;4;0;2212;1045;False;True;SecondaryView;94,31384;1;0;1;0;
OA09;12;Waypoint;3,2;4;0;2254;1062;False;True;SecondaryView;95,77237;1;0;1;0;
OA09;12;Waypoint;3,3;4;0;2272;1066;False;True;SecondaryView;96,30741;1;0;1;0;
OA09;12;Waypoint;3,4;4;0;2275;1069;False;True;SecondaryView;96,46792;1;1;1;0;
OA09;12;Waypoint;3,5;4;0;2275;1069;False;True;SecondaryView;96,46792;1;1;1;0;
OA09;12;Waypoint;3,6;4;0;2275;1069;False;True;SecondaryView;96,46792;1;1;1;0;
OA09;12;Waypoint;3,7;4;0;2275;1069;False;True;SecondaryView;96,46792;1;1;1;0;
OA09;12;Waypoint;3,8;4;0;2275;1069;False;True;SecondaryView;96,46792;1;1;1;0;
OA09;12;Waypoint;3,9;4;0;2275;1069;False;True;SecondaryView;96,46792;1;1;1;0;
OA09;12;Waypoint;4,0;4;0;2275;1069;False;True;SecondaryView;96,46792;1;1;1;0;
OA09;12;Waypoint;4,1;4;0;2275;1069;False;True;SecondaryView;96,46792;1;2;1;0;
OA09;12;Waypoint;4,2;4;0;2275;1069;False;True;SecondaryView;96,46792;1;2;1;0;
OA09;12;Waypoint;4,3;4;0;2265;1104;False;True;SecondaryView;97,24993;1;2;1;0;
OA09;12;Waypoint;4,4;4;0;2258;1143;False;True;SecondaryView;98,55384;1;2;1;0;
OA09;12;Waypoint;4,5;4;0;2248;1167;False;True;SecondaryView;99,2908;1;2;1;0;
OA09;12;Waypoint;4,6;4;0;2244;1192;False;True;SecondaryView;99,9061;1;2;1;0;
OA09;12;Waypoint;4,7;4;0;2241;1199;False;True;SecondaryView;100,2271;1;2;1;0;
OA09;12;Waypoint;4,8;4;0;2241;1199;False;True;SecondaryView;100,2271;1;3;1;0;
OA09;12;Waypoint;4,9;4;0;2241;1199;False;True;SecondaryView;100,2271;1;3;1;0;
OA09;12;Waypoint;5,0;4;0;2241;1199;False;True;SecondaryView;100,2271;1;3;1;0;
OA09;12;Waypoint;5,1;4;0;2241;1199;False;True;SecondaryView;100,2271;1;3;1;0;
OA09;12;Waypoint;5,2;4;0;2241;1199;False;True;SecondaryView;100,2271;1;3;1;0;
OA09;12;Waypoint;5,3;4;0;2241;1199;False;True;MainView;100,2271;1;3;1;0;
OA09;12;Waypoint;5,4;4;0;2241;1199;False;True;SecondaryView;100,2271;1;3;1;0;
OA09;12;Waypoint;5,5;4;0;2241;1199;False;True;SecondaryView;100,2271;1;3;1;0;
OA09;12;Waypoint;5,6;4;0;2237;1196;False;True;SecondaryView;100,3609;1;3;1;0;
OA09;12;Waypoint;5,7;4;0;2220;1182;False;True;SecondaryView;101,0581;1;3;1;0;
OA09;12;Waypoint;5,8;4;0;2216;1182;False;True;SecondaryView;101,0581;1;3;1;0;
OA09;12;Waypoint;5,9;4;0;2213;1202;False;True;SecondaryView;101,7804;1;3;1;0;
OA09;12;Waypoint;6,0;4;0;2213;1206;False;True;SecondaryView;101,8874;1;3;1;0;
OA09;12;Waypoint;6,1;4;0;2213;1206;False;True;SecondaryView;101,8874;1;4;1;0;
OA09;12;Waypoint;6,2;4;0;2213;1206;False;True;SecondaryView;101,8874;1;4;1;0;
OA09;12;Waypoint;6,3;4;0;2213;1206;False;True;SecondaryView;101,8874;1;4;1;0;
OA09;12;Waypoint;6,4;4;0;2213;1206;False;True;SecondaryView;101,8874;1;4;1;0;
OA09;12;Waypoint;6,5;4;0;2213;1206;False;True;SecondaryView;101,8874;1;4;1;0;
OA09;12;Waypoint;6,6;4;0;2213;1206;False;True;SecondaryView;101,8874;1;4;1;0;
OA09;12;Waypoint;6,7;4;0;2213;1206;False;True;MainView;101,8874;1;4;1;0;
OA09;12;Waypoint;6,8;4;0;2213;1206;False;True;MainView;101,8874;1;4;1;0;
OA09;12;Waypoint;6,9;4;0;2213;1206;False;True;MainView;101,8874;1;4;1;0;
OA09;12;Waypoint;7,0;4;0;2213;1206;False;True;MainView;101,8874;1;4;1;0;
OA09;12;Waypoint;7,1;4;0;2213;1206;False;True;SecondaryView;101,8874;1;4;1;0;
OA09;12;Waypoint;7,2;4;0;2206;1199;False;True;SecondaryView;102,1549;1;4;1;0;
OA09;12;Waypoint;7,3;4;0;2181;1182;False;True;SecondaryView;103,0007;1;4;1;0;
OA09;12;Waypoint;7,4;4;0;2174;1182;False;True;SecondaryView;103,188;1;4;1;0;
OA09;12;Waypoint;7,5;4;0;2174;1202;False;True;SecondaryView;103,723;1;4;1;0;
OA09;12;Waypoint;7,6;4;0;2177;1206;False;True;SecondaryView;103,9103;1;4;1;0;
OA09;12;Waypoint;7,7;4;0;2184;1216;False;True;SecondaryView;104,3181;1;4;1;0;
OA09;12;Waypoint;7,8;4;0;2184;1216;False;True;SecondaryView;104,3181;1;4;1;0;
OA09;12;Waypoint;7,9;4;0;2184;1216;False;True;SecondaryView;104,3181;1;4;1;0;
OA09;12;Waypoint;8,0;4;0;2184;1216;False;True;SecondaryView;104,3181;1;4;1;0;
OA09;12;Waypoint;8,1;4;0;2184;1216;False;True;SecondaryView;104,3181;1;4;1;0;
OA09;12;Waypoint;8,2;4;0;2184;1216;False;True;SecondaryView;104,3181;1;5;1;0;
OA09;12;Waypoint;8,3;4;0;2184;1216;False;True;SecondaryView;104,3181;1;5;1;0;
OA09;12;Waypoint;8,4;4;0;2184;1199;False;True;SecondaryView;104,7728;1;5;1;0;
OA09;12;Waypoint;8,5;4;0;2184;1199;False;True;SecondaryView;104,7728;1;5;1;0;
OA09;12;Waypoint;8,6;4;0;2184;1199;False;True;SecondaryView;104,7728;1;5;1;0;
OA09;12;Waypoint;8,7;4;0;2188;1168;False;True;SecondaryView;105,6557;1;5;1;0;
OA09;12;Waypoint;8,8;4;0;2188;1154;False;True;SecondaryView;105,9499;1;5;1;0;
OA09;12;Waypoint;8,9;4;0;2191;1150;False;True;SecondaryView;106,2174;1;5;1;0;
OA09;12;Waypoint;9,0;4;0;2191;1136;False;True;SecondaryView;106,592;1;5;1;0;
OA09;12;Waypoint;9,1;4;0;2185;1133;False;True;SecondaryView;106,6722;2;5;1;0;
OA09;12;Waypoint;9,2;4;0;2129;1108;False;True;SecondaryView;108,1495;2;5;1;0;
OA09;12;Waypoint;9,3;4;0;2083;1108;False;True;SecondaryView;109,6682;2;5;1;0;
OA09;12;Waypoint;9,4;4;0;2080;1108;False;True;SecondaryView;109,7485;2;5;1;0;
OA09;12;Waypoint;9,5;4;0;2080;1108;False;True;SecondaryView;109,7485;2;5;1;0;
OA09;12;Waypoint;9,6;4;0;2114;1125;False;True;SecondaryView;110,7733;2;5;1;0;
OA09;12;Waypoint;9,7;4;0;2163;1129;False;True;SecondaryView;111,9253;2;5;1;0;
OA09;12;Waypoint;9,8;4;0;2174;1129;False;True;SecondaryView;112,4068;2;5;1;0;
OA09;12;Waypoint;9,9;4;0;2177;1119;False;True;SecondaryView;112,7076;2;5;1;0;
OA09;12;Waypoint;10,0;4;0;2181;1094;False;True;SecondaryView;113,4048;2;5;1;0;
OA09;12;Waypoint;10,1;4;0;2181;1094;False;True;SecondaryView;113,4048;2;5;1;0;
OA09;12;Waypoint;10,2;4;0;2181;1094;False;True;SecondaryView;113,4048;2;6;1;0;
OA09;12;Waypoint;10,3;4;0;2157;1094;False;True;SecondaryView;113,7794;2;6;1;0;
OA09;12;Waypoint;10,4;4;0;2090;1115;False;True;SecondaryView;115,942;2;6;1;0;
OA09;12;Waypoint;10,5;4;0;2090;1118;False;True;SecondaryView;116,0223;2;6;1;0;
OA09;12;Waypoint;10,6;4;0;2090;1122;False;True;SecondaryView;116,1293;2;6;1;0;
OA09;12;Waypoint;10,7;4;0;2017;1150;False;True;SecondaryView;118,2469;2;6;1;0;
OA09;12;Waypoint;10,8;4;0;1964;1185;False;True;SecondaryView;119,9692;2;6;1;0;
OA09;12;Waypoint;10,9;4;0;1926;1195;False;True;SecondaryView;120,885;2;6;1;0;
OA09;12;Waypoint;11,0;4;0;1908;1192;False;True;SecondaryView;121,634;2;6;1;0;
OA09;12;Waypoint;11,1;4;0;1908;1192;False;True;SecondaryView;121,634;2;6;1;0;
OA09;12;Waypoint;11,2;4;0;1908;1192;False;True;SecondaryView;121,634;2;6;1;0;
OA09;12;Waypoint;11,3;4;0;1908;1192;False;True;SecondaryView;121,634;3;6;1;0;
OA09;12;Waypoint;11,4;4;0;1936;1171;False;True;SecondaryView;122,6801;3;6;1;0;
OA09;12;Waypoint;11,5;4;0;2044;1136;False;True;SecondaryView;125,3117;3;6;1;0;
OA09;12;Waypoint;11,6;4;0;2132;1119;False;True;SecondaryView;127,8527;3;6;1;0;
OA09;12;Waypoint;11,7;4;0;2163;1115;False;True;SecondaryView;129,0047;3;6;1;0;
OA09;12;Waypoint;11,8;4;0;2157;1118;False;True;SecondaryView;129,085;3;6;1;0;
OA09;12;Waypoint;11,9;4;0;2118;1146;False;True;SecondaryView;130,4331;3;6;1;0;
OA09;12;Waypoint;12,0;4;0;2115;1167;False;True;SecondaryView;131,1452;3;6;1;0;
OA09;12;Waypoint;12,1;4;0;2115;1167;False;True;SecondaryView;131,1452;3;7;1;0;
OA09;12;Waypoint;12,2;4;0;2115;1167;False;True;SecondaryView;131,1452;3;7;1;0;
OA09;12;Waypoint;12,3;4;0;2115;1167;False;True;SecondaryView;131,1452;3;7;1;0;
OA09;12;Waypoint;12,4;4;0;2115;1167;False;True;SecondaryView;131,1452;3;7;1;0;
OA09;12;Waypoint;12,5;4;0;2118;1167;False;True;SecondaryView;131,1452;3;7;1;0;
OA09;12;Waypoint;12,6;4;0;2121;1174;False;True;SecondaryView;131,493;3;7;1;0;
OA09;12;Waypoint;12,7;4;0;2128;1178;False;True;SecondaryView;131,707;3;7;1;0;
OA09;12;Waypoint;12,8;4;0;2128;1181;False;True;SecondaryView;131,8675;3;7;1;0;
OA09;12;Waypoint;12,9;4;0;2128;1181;False;True;SecondaryView;131,8675;3;7;1;0;
OA09;12;Waypoint;13,0;4;0;2128;1185;False;True;SecondaryView;131,9745;3;7;1;0;
OA09;12;Waypoint;13,1;4;0;2132;1188;False;True;SecondaryView;132,1618;3;7;1;0;
OA09;12;Waypoint;13,2;4;0;2132;1188;False;True;SecondaryView;132,1618;3;7;1;0;
OA09;12;Waypoint;13,3;4;0;2132;1188;False;True;SecondaryView;132,1618;3;7;1;0;
OA09;12;Waypoint;13,4;4;0;2135;1188;False;True;SecondaryView;132,1618;3;7;1;0;
OA09;12;Waypoint;13,5;4;0;2135;1188;False;True;SecondaryView;132,2421;3;7;1;0;
OA09;12;Waypoint;13,6;4;0;2142;1195;False;True;SecondaryView;132,5363;3;7;1;0;
OA09;12;Waypoint;13,7;4;0;2156;1202;False;True;SecondaryView;133,0981;3;7;1;0;
OA09;12;Waypoint;13,8;4;0;2156;1209;False;True;SecondaryView;133,3657;3;7;1;0;
OA09;12;Waypoint;13,9;4;0;2156;1209;False;True;SecondaryView;133,3657;3;8;1;0;
OA09;12;Waypoint;14,0;4;0;2160;1209;False;True;SecondaryView;133,4727;3;8;1;0;
OA09;12;Waypoint;14,1;4;0;2160;1209;False;True;SecondaryView;133,4727;3;8;1;0;
OA09;12;Waypoint;14,2;4;0;2160;1209;False;True;SecondaryView;133,4727;3;8;1;0;
OA09;12;Waypoint;14,3;4;0;2160;1209;False;True;SecondaryView;133,4727;3;8;1;0;
OA09;12;Waypoint;14,4;4;0;2167;1209;False;True;SecondaryView;133,66;3;8;1;0;
OA09;12;Waypoint;14,5;4;0;2177;1209;False;True;SecondaryView;133,9275;3;8;1;0;
OA09;12;Waypoint;14,6;4;0;2184;1199;False;True;SecondaryView;134,3288;3;8;1;0;
OA09;12;Waypoint;14,7;4;0;2184;1199;False;True;SecondaryView;134,3288;3;8;1;0;
OA09;12;Waypoint;14,8;4;0;2188;1199;False;True;SecondaryView;134,4358;3;8;1;0;
OA09;12;Waypoint;14,9;4;0;2188;1199;False;True;SecondaryView;134,4358;3;8;1;0;
OA09;12;Waypoint;15,0;4;0;2188;1199;False;True;SecondaryView;134,4358;3;8;1;0;
OA09;12;Waypoint;15,1;4;0;2188;1199;False;True;SecondaryView;134,4358;3;8;1;0;
OA09;12;Waypoint;15,2;4;0;2188;1199;False;True;SecondaryView;134,4358;3;9;1;0;
OA09;12;Waypoint;15,3;4;0;2188;1199;False;True;SecondaryView;134,4358;3;9;1;0;
OA09;12;Waypoint;15,4;4;0;2188;1199;False;True;SecondaryView;134,4358;3;9;1;0;
OA09;12;Waypoint;15,5;4;0;2188;1199;False;True;SecondaryView;134,4358;3;9;1;0;
OA09;12;Waypoint;15,6;4;0;2191;1202;False;True;SecondaryView;134,5963;3;9;1;0;
OA09;12;Waypoint;15,7;4;0;2195;1202;False;True;SecondaryView;134,7033;3;9;1;0;
OA09;12;Waypoint;15,8;4;0;2195;1202;False;True;MainView;134,7033;3;9;1;0;
OA09;12;Waypoint;15,9;4;0;2195;1202;False;True;MainView;134,7033;3;9;1;0;
OA09;12;Waypoint;16,0;4;0;2195;1202;False;True;MainView;134,7033;3;9;1;0;
OA09;12;Waypoint;16,1;4;0;2195;1202;False;True;MainView;134,7033;3;9;1;0;
OA09;12;Waypoint;16,2;4;0;2192;1196;False;True;SecondaryView;134,8971;3;9;1;0;
OA09;12;Waypoint;16,3;4;0;2192;1196;False;True;SecondaryView;134,8971;3;9;1;0;
OA09;12;Waypoint;16,4;4;0;2198;1196;False;True;SecondaryView;134,9773;3;9;1;0;
OA09;12;Waypoint;16,5;4;0;2209;1209;False;True;SecondaryView;135,5991;3;9;1;0;
OA09;12;Waypoint;16,6;4;0;2209;1209;False;True;SecondaryView;135,5991;3;9;1;0;
OA09;12;Waypoint;16,7;4;0;2209;1209;False;True;SecondaryView;135,5991;3;9;1;0;
OA09;12;Waypoint;16,8;4;0;2209;1209;False;True;SecondaryView;135,5991;3;9;1;0;
OA09;12;Waypoint;16,9;4;0;2209;1213;False;True;SecondaryView;135,7061;3;9;1;0;
OA09;12;Waypoint;17,0;4;0;2209;1213;False;True;SecondaryView;135,7061;3;9;1;0;
OA09;12;Waypoint;17,1;4;0;2209;1213;False;True;SecondaryView;135,7061;3;9;1;0;
OA09;12;Waypoint;17,2;4;0;2209;1216;False;True;SecondaryView;135,7864;3;9;1;0;
OA09;12;Waypoint;17,3;4;0;2209;1216;False;True;SecondaryView;135,7864;3;9;1;0;
OA09;12;Waypoint;17,4;4;0;2209;1216;False;True;SecondaryView;135,7864;3;9;1;0;
OA09;12;Waypoint;17,5;4;0;2209;1216;False;True;SecondaryView;135,7864;3;9;1;0;
OA09;12;Waypoint;17,6;4;0;2209;1216;False;True;SecondaryView;135,7864;3;10;1;0;
OA09;12;Waypoint;17,7;4;0;2209;1216;False;True;SecondaryView;135,7864;3;10;1;0;
OA09;12;Waypoint;17,8;4;0;2209;1216;False;True;SecondaryView;135,7864;3;10;1;0;
OA09;12;Waypoint;17,9;4;0;2209;1216;False;True;SecondaryView;135,7864;3;10;1;0;
OA09;12;Waypoint;18,0;4;0;2209;1216;False;True;SecondaryView;135,7864;3;10;1;0;
OA09;12;Waypoint;18,1;4;0;2209;1216;False;True;SecondaryView;135,7864;3;10;1;0;
OA09;12;Waypoint;18,2;4;0;2216;1185;False;True;SecondaryView;136,6868;3;10;1;0;
OA09;12;Waypoint;18,3;4;0;2219;1157;False;True;SecondaryView;137,4626;3;10;1;0;
OA09;12;Waypoint;18,4;4;0;2219;1143;False;True;SecondaryView;137,7302;3;10;1;0;
OA09;12;Waypoint;18,5;4;0;2213;1136;False;True;SecondaryView;138,138;3;10;1;0;
OA09;12;Waypoint;18,6;4;0;2202;1129;False;True;SecondaryView;138,6195;3;10;1;0;
OA09;12;Waypoint;18,7;4;0;2199;1122;False;True;SecondaryView;138,887;3;10;1;1;
OA09;12;Waypoint;18,8;4;0;2199;1122;False;True;SecondaryView;138,887;3;10;1;1;
OA09;12;Waypoint;18,9;4;0;2199;1122;False;True;SecondaryView;138,887;3;10;1;1;
OA09;12;Waypoint;19,0;4;0;2199;1115;False;True;SecondaryView;138,887;3;10;1;1;
OA09;12;Waypoint;19,1;4;0;2202;1070;False;True;SecondaryView;140,2247;3;10;1;1;
OA09;12;Waypoint;19,2;4;0;2202;1070;False;True;SecondaryView;140,3049;3;10;1;1;
OA09;12;Waypoint;19,3;4;0;2202;1070;False;True;SecondaryView;140,3049;3;11;1;1;
OA09;12;Waypoint;19,4;4;0;2202;1070;False;True;SecondaryView;140,3049;3;11;1;1;
OA09;12;Waypoint;19,5;4;0;2202;1070;False;True;SecondaryView;140,3049;3;11;1;1;
OA09;12;Waypoint;19,6;4;0;2202;1070;False;True;SecondaryView;140,3049;3;11;1;1;
OA09;12;Waypoint;19,7;4;0;2209;1080;False;True;SecondaryView;140,65;3;11;2;1;
OA09;12;Waypoint;19,8;4;0;2219;1129;False;True;SecondaryView;142,0383;3;11;2;1;
OA09;12;Waypoint;19,9;4;0;2219;1132;False;True;SecondaryView;142,1186;3;12;2;1;
OA09;12;Waypoint;20,0;4;0;2219;1132;False;True;SecondaryView;142,1186;3;12;2;1;
OA09;12;Waypoint;20,1;4;0;2223;1132;False;True;SecondaryView;142,2256;3;12;2;1;
OA09;12;Waypoint;20,2;4;0;2223;1132;False;True;SecondaryView;142,2256;3;12;2;1;
OA09;12;Waypoint;20,3;4;0;2223;1132;False;True;SecondaryView;142,2256;3;12;2;1;
OA09;12;Waypoint;20,4;4;0;2223;1132;False;True;SecondaryView;142,2256;3;12;2;1;
OA09;12;Waypoint;20,5;4;0;2216;1126;False;True;SecondaryView;142,3059;3;12;2;1;
OA09;12;Waypoint;20,6;4;0;2206;1101;False;True;SecondaryView;143,2392;3;12;2;1;
OA09;12;Waypoint;20,7;4;0;2206;1115;False;True;SecondaryView;143,6138;3;12;2;1;
OA09;12;Waypoint;20,8;4;0;2199;1153;False;True;SecondaryView;144,595;3;12;2;1;
OA09;12;Waypoint;20,9;4;0;2195;1157;False;True;SecondaryView;144,8266;3;12;2;1;
OA09;12;Waypoint;21,0;4;0;2195;1164;False;True;SecondaryView;145,0139;3;12;2;1;
OA09;12;Waypoint;21,1;4;0;2195;1164;False;True;SecondaryView;145,0139;3;13;2;1;
OA09;12;Waypoint;21,2;4;0;2195;1164;False;True;SecondaryView;145,0139;3;13;2;1;
OA09;12;Waypoint;21,3;4;0;2195;1164;False;True;SecondaryView;145,0139;3;13;2;1;
OA09;12;Waypoint;21,4;4;0;2195;1161;False;True;SecondaryView;145,0139;3;13;2;1;
OA09;12;Waypoint;21,5;4;0;2188;1122;False;True;SecondaryView;146,0572;3;13;2;1;
OA09;12;Waypoint;21,6;4;0;2188;1105;False;True;SecondaryView;146,5831;3;13;2;1;
OA09;12;Waypoint;21,7;4;0;2188;1091;False;True;SecondaryView;147,0379;3;13;2;2;
OA09;12;Waypoint;21,8;4;0;2188;1091;False;True;SecondaryView;147,0379;3;13;2;2;
OA09;12;Waypoint;21,9;4;0;2188;1091;False;True;SecondaryView;147,0379;3;13;2;2;
OA09;12;Waypoint;22,0;4;0;2191;1080;False;True;SecondaryView;147,1449;3;13;2;2;
OA09;12;Waypoint;22,1;4;0;2195;1035;False;True;SecondaryView;148,5809;3;13;2;2;
OA09;12;Waypoint;22,2;4;0;2195;1031;False;True;SecondaryView;148,6879;3;13;2;2;
OA09;12;Waypoint;22,3;4;0;2198;1031;False;True;SecondaryView;148,7682;3;14;2;2;
OA09;12;Waypoint;22,4;4;0;2198;1028;False;True;SecondaryView;148,8484;3;14;2;2;
OA09;12;Waypoint;22,5;4;0;2198;1028;False;True;SecondaryView;148,8484;3;14;2;2;
OA09;12;Waypoint;22,6;4;0;2202;1066;False;True;SecondaryView;149,9094;3;14;3;2;
OA09;12;Waypoint;22,7;4;0;2205;1104;False;True;SecondaryView;150,9592;3;14;3;2;
OA09;12;Waypoint;22,8;4;0;2195;1174;False;True;SecondaryView;152,8773;3;14;3;2;
OA09;12;Waypoint;22,9;4;0;2192;1181;False;True;SecondaryView;153,0913;3;15;3;2;
OA09;12;Waypoint;23,0;4;0;2192;1181;False;True;SecondaryView;153,0913;3;15;3;2;
OA09;12;Waypoint;23,1;4;0;2192;1181;False;True;SecondaryView;153,0913;3;15;3;2;
OA09;12;Waypoint;23,2;4;0;2192;1181;False;True;SecondaryView;153,0913;3;15;3;2;
OA09;12;Waypoint;23,3;4;0;2192;1181;False;True;SecondaryView;153,0913;3;15;3;2;
OA09;12;Waypoint;23,4;4;0;2192;1181;False;True;SecondaryView;153,0913;3;15;3;2;
OA09;12;Waypoint;23,5;4;0;2192;1181;False;True;SecondaryView;153,0913;3;15;3;2;
OA09;12;Waypoint;23,6;4;0;2192;1181;False;True;SecondaryView;153,0913;3;15;3;2;
OA09;12;Waypoint;23,7;4;0;2192;1181;False;True;SecondaryView;153,0913;3;15;3;2;
OA09;12;Waypoint;23,8;4;0;2192;1181;False;True;SecondaryView;153,0913;3;15;3;2;
OA09;12;Waypoint;23,9;4;0;2192;1181;False;True;SecondaryView;153,0913;3;15;3;2;
OA09;12;Waypoint;24,0;4;0;2192;1181;False;True;SecondaryView;153,0913;3;15;3;2;
OA09;12;Waypoint;24,1;4;0;2192;1181;False;True;SecondaryView;153,0913;3;15;3;2;
OA09;12;Waypoint;24,2;4;0;2192;1178;False;True;SecondaryView;153,0913;3;15;3;2;
OA09;12;Waypoint;24,3;4;0;2188;1178;False;True;SecondaryView;153,2786;3;15;3;2;
OA09;12;Waypoint;24,4;4;0;2188;1178;False;True;MainView;153,2786;3;15;3;2;
OA09;12;Waypoint;24,5;4;0;2188;1178;False;True;MainView;153,2786;3;15;3;2;
OA09;12;Waypoint;24,6;4;0;2188;1178;False;True;MainView;153,2786;3;15;3;2;
OA09;12;Waypoint;24,7;4;0;2188;1178;False;True;MainView;153,2786;3;15;3;2;
OA09;12;Waypoint;24,8;4;0;2188;1178;False;True;MainView;153,2786;3;15;3;2;
OA09;12;Waypoint;24,9;4;0;2188;1178;False;True;MainView;153,2786;3;15;3;2;
OA09;12;Waypoint;25,0;4;0;2188;1178;False;True;MainView;153,2786;3;15;3;2;
OA09;12;Waypoint;25,1;4;0;2188;1178;False;True;SecondaryView;153,2786;3;15;3;2;
OA09;12;Waypoint;25,2;4;0;2188;1178;False;True;SecondaryView;153,2786;3;15;3;2;
OA09;12;Waypoint;25,3;4;0;2188;1178;False;True;SecondaryView;153,2786;3;15;3;2;
OA09;12;Waypoint;25,4;4;0;2188;1178;False;True;SecondaryView;153,2786;3;15;3;2;
OA09;12;Waypoint;25,5;4;0;2188;1178;False;True;SecondaryView;153,2786;3;15;3;2;
OA09;12;Waypoint;25,6;4;0;2188;1178;False;True;MainView;153,2786;3;15;3;2;
OA09;12;Waypoint;25,7;4;0;2188;1178;False;True;MainView;153,2786;3;15;3;2;
OA09;12;Waypoint;25,8;4;0;2188;1178;False;True;MainView;153,2786;3;15;3;2;
OA09;12;Waypoint;25,9;4;0;2188;1178;False;True;MainView;153,2786;3;15;3;2;
OA09;12;Waypoint;26,0;4;0;2188;1178;False;True;MainView;153,2786;3;15;3;2;
OA09;12;Waypoint;26,1;4;0;2188;1178;False;True;MainView;153,2786;3;15;3;2;
OA09;12;Waypoint;26,2;4;0;2188;1178;False;True;MainView;153,2786;3;15;3;2;
OA09;12;Waypoint;26,3;4;0;2188;1178;False;True;SecondaryView;153,2786;3;15;3;2;
OA09;12;Waypoint;26,4;4;0;2188;1178;False;True;SecondaryView;153,2786;3;15;3;2;
OA09;12;Waypoint;26,5;4;0;2216;1171;False;True;SecondaryView;153,9021;3;15;3;2;
OA09;12;Waypoint;26,6;4;0;2240;1168;False;True;SecondaryView;154,7646;3;15;3;2;
OA09;12;Waypoint;26,7;4;0;2254;1168;False;True;SecondaryView;155,1392;3;15;3;2;
OA09;12;Waypoint;26,8;4;0;2258;1171;False;True;SecondaryView;155,3265;3;15;3;2;
OA09;12;Waypoint;26,9;4;0;2251;1168;False;True;SecondaryView;155,4067;3;15;3;2;
OA09;12;Waypoint;27,0;4;0;2213;1164;False;True;SecondaryView;156,6106;3;15;3;2;
OA09;12;Waypoint;27,1;4;0;2188;1171;False;True;SecondaryView;157,3505;3;15;3;2;
OA09;12;Waypoint;27,2;4;0;2188;1171;False;True;SecondaryView;157,3505;3;15;3;2;
OA09;12;Waypoint;27,3;4;0;2188;1171;False;True;SecondaryView;157,3505;3;15;3;2;
OA09;12;Waypoint;27,4;4;0;2191;1147;False;True;SecondaryView;157,9455;3;15;3;2;
OA09;12;Waypoint;27,5;4;0;2188;1115;False;True;SecondaryView;158,6946;3;15;3;2;
OA09;12;Waypoint;27,6;4;0;2188;1094;False;True;SecondaryView;159,4602;3;15;3;2;
OA09;12;Waypoint;27,7;4;0;2188;1094;False;True;SecondaryView;159,4602;3;16;3;2;
OA09;12;Waypoint;27,8;4;0;2188;1094;False;True;SecondaryView;159,4602;3;16;3;2;
OA09;12;Waypoint;27,9;4;0;2188;1091;False;True;SecondaryView;159,5404;3;16;3;2;
OA09;12;Waypoint;28,0;4;0;2188;1091;False;True;SecondaryView;159,5404;3;16;3;2;
OA09;12;Waypoint;28,1;4;0;2188;1091;False;True;SecondaryView;159,5404;3;16;3;2;
OA09;12;Waypoint;28,2;4;0;2188;1091;False;True;SecondaryView;159,5404;3;16;3;2;
OA09;12;Waypoint;28,3;4;0;2195;1115;False;True;SecondaryView;160,1531;3;16;3;2;
OA09;12;Waypoint;28,4;4;0;2198;1115;False;True;SecondaryView;160,3403;3;16;3;2;
OA09;12;Waypoint;28,5;4;0;2198;1115;False;True;SecondaryView;160,3403;3;17;3;2;
OA09;12;Waypoint;28,6;4;0;2198;1115;False;True;SecondaryView;160,3403;3;17;3;2;
OA09;12;Waypoint;28,7;4;0;2198;1115;False;True;SecondaryView;160,3403;3;17;3;2;
OA09;12;Waypoint;28,8;4;0;2198;1115;False;True;SecondaryView;160,3403;3;17;3;2;
OA09;12;Waypoint;28,9;4;0;2198;1115;False;True;SecondaryView;160,3403;3;17;3;2;
OA09;12;Waypoint;29,0;4;0;2198;1115;False;True;SecondaryView;160,3403;3;17;3;2;
OA09;12;Waypoint;29,1;4;0;2195;1132;False;True;SecondaryView;160,7149;3;17;3;2;
OA09;12;Waypoint;29,2;4;0;2195;1136;False;True;SecondaryView;160,9354;3;17;3;2;
OA09;12;Waypoint;29,3;4;0;2195;1136;False;True;SecondaryView;160,9354;3;18;3;2;
OA09;12;Waypoint;29,4;4;0;2195;1136;False;True;SecondaryView;160,9354;3;18;3;2;
OA09;12;Waypoint;29,5;4;0;2195;1136;False;True;SecondaryView;160,9354;3;18;3;2;
OA09;12;Waypoint;29,6;4;0;2209;1108;False;True;SecondaryView;161,8396;3;18;3;2;
OA09;12;Waypoint;29,7;4;0;2219;1091;False;True;SecondaryView;162,5084;3;18;3;2;
OA09;12;Waypoint;29,8;4;0;2226;1091;False;True;SecondaryView;162,6957;3;18;3;2;
OA09;12;Waypoint;29,9;4;0;2247;1094;False;True;SecondaryView;163,2842;3;18;3;2;
OA09;12;Waypoint;30,0;4;0;2258;1111;False;True;SecondaryView;163,9263;3;18;3;2;
OA09;12;Waypoint;30,1;4;0;2265;1132;False;True;SecondaryView;164,4854;3;18;3;2;
OA09;12;Waypoint;30,2;4;0;2268;1136;False;True;SecondaryView;164,6994;3;19;3;2;
OA09;12;Waypoint;30,3;4;0;2268;1136;False;True;SecondaryView;164,6994;3;19;3;2;
OA09;12;Waypoint;30,4;4;0;2268;1136;False;True;SecondaryView;164,6994;3;19;3;2;
OA09;12;Waypoint;30,5;4;0;2268;1136;False;True;SecondaryView;164,6994;3;19;3;2;
OA09;12;Waypoint;30,6;4;0;2268;1136;False;True;SecondaryView;164,6994;3;19;3;2;
OA09;12;Waypoint;30,7;4;0;2268;1136;False;True;SecondaryView;164,6994;3;19;3;2;
OA09;12;Waypoint;30,8;4;0;2268;1136;False;True;SecondaryView;164,6994;3;19;3;2;
OA09;12;Waypoint;30,9;4;0;2262;1136;False;True;SecondaryView;164,86;3;19;3;2;
OA09;12;Waypoint;31,0;4;0;2262;1136;False;True;SecondaryView;164,86;3;19;3;2;
OA09;12;Waypoint;31,1;4;0;2262;1136;False;True;SecondaryView;164,86;3;19;3;2;
OA09;12;Waypoint;31,2;4;0;2258;1136;False;True;SecondaryView;164,967;3;19;3;2;
OA09;12;Waypoint;31,3;4;0;2258;1136;False;True;SecondaryView;164,967;3;19;3;2;
OA09;12;Waypoint;31,4;4;0;2258;1136;False;True;SecondaryView;164,967;3;19;3;2;
OA09;12;Waypoint;31,5;4;0;2258;1136;False;True;SecondaryView;164,967;3;19;3;2;
OA09;12;Waypoint;31,6;4;0;2258;1133;False;True;SecondaryView;165,0472;3;19;3;2;
OA09;12;Waypoint;31,7;4;0;2255;1126;False;True;SecondaryView;165,3148;3;19;3;2;
OA09;12;Waypoint;31,8;4;0;2255;1126;False;True;SecondaryView;165,3148;3;19;3;2;
OA09;12;Waypoint;31,9;4;0;2255;1126;False;True;SecondaryView;165,3148;3;19;3;2;
OA09;12;Waypoint;32,0;4;0;2255;1126;False;True;SecondaryView;165,3148;3;19;3;2;
OA09;12;Waypoint;32,1;4;0;2261;1122;False;True;SecondaryView;165,5823;3;19;3;2;
OA09;12;Waypoint;32,2;4;0;2275;1108;False;True;SecondaryView;166,1441;3;19;3;2;
OA09;12;Waypoint;32,3;4;0;2275;1108;False;True;SecondaryView;166,2243;3;19;3;2;
OA09;12;Waypoint;32,4;4;0;2275;1108;False;True;SecondaryView;166,2243;3;19;3;2;
OA09;12;Waypoint;32,5;4;0;2275;1108;False;True;SecondaryView;166,2243;3;19;3;2;
OA09;12;Waypoint;32,6;4;0;2275;1108;False;True;SecondaryView;166,2243;3;19;3;2;
OA09;12;Waypoint;32,7;4;0;2275;1108;False;True;SecondaryView;166,2243;3;19;3;2;
OA09;12;Waypoint;32,8;4;0;2275;1108;False;True;SecondaryView;166,2243;3;19;3;2;
OA09;12;Waypoint;32,9;4;0;2275;1087;False;True;SecondaryView;166,7862;3;19;3;2;
OA09;12;Waypoint;33,0;4;0;2275;1087;False;True;SecondaryView;166,7862;3;20;3;2;
OA09;12;Waypoint;33,1;4;0;2275;1087;False;True;SecondaryView;166,7862;3;20;3;2;
OA09;12;Waypoint;33,2;4;0;2275;1087;False;True;SecondaryView;166,7862;3;20;3;2;
OA09;12;Waypoint;33,3;4;0;2275;1087;False;True;SecondaryView;166,7862;3;20;3;2;
OA09;12;Waypoint;33,4;4;0;2275;1087;False;True;SecondaryView;166,7862;3;20;3;2;
OA09;12;Waypoint;33,5;4;0;2275;1087;False;True;SecondaryView;166,7862;3;20;3;2;
OA09;12;Waypoint;33,6;4;0;2275;1087;False;True;SecondaryView;166,7862;3;20;3;2;
OA09;12;Waypoint;33,7;4;0;2275;1087;False;True;SecondaryView;166,7862;3;20;3;2;
OA09;12;Waypoint;33,8;4;0;2275;1087;False;True;SecondaryView;166,7862;3;20;3;2;
OA09;12;Waypoint;33,9;4;0;2275;1087;False;True;SecondaryView;166,7862;3;20;4;2;
OA09;12;Waypoint;34,0;4;0;2275;1087;False;True;SecondaryView;166,7862;3;20;4;2;
OA09;12;Waypoint;34,1;4;0;2275;1087;False;True;SecondaryView;166,7862;3;20;4;2;
OA09;12;Waypoint;34,2;4;0;2275;1087;False;True;SecondaryView;166,7862;3;20;4;2;
OA09;12;Waypoint;34,3;4;0;2275;1087;False;True;SecondaryView;166,7862;3;20;4;2;
OA09;12;Waypoint;34,4;4;0;2275;1087;False;True;SecondaryView;166,7862;3;21;4;2;
OA09;12;Waypoint;34,5;4;0;2275;1087;False;True;SecondaryView;166,7862;3;21;4;2;
OA09;12;Waypoint;34,6;4;0;2275;1087;False;True;SecondaryView;166,7862;3;21;4;2;
OA09;12;Waypoint;34,7;4;0;2275;1087;False;True;SecondaryView;166,7862;3;21;4;2;
OA09;12;Waypoint;34,8;4;0;2275;1087;False;True;SecondaryView;166,7862;3;21;4;2;
OA09;12;Waypoint;34,9;4;0;2275;1087;False;True;SecondaryView;166,7862;3;21;4;2;
OA09;12;Waypoint;35,0;4;0;2275;1087;False;True;SecondaryView;166,7862;3;21;4;2;
OA09;12;Waypoint;35,1;4;0;2269;1094;False;True;SecondaryView;167,0804;3;21;4;2;
OA09;12;Waypoint;35,2;4;0;2262;1104;False;True;MainView;167,5352;3;21;4;2;
OA09;12;Waypoint;35,3;4;0;2262;1108;False;True;MainView;167,6423;3;21;4;2;
OA09;12;Waypoint;35,4;4;0;2262;1108;False;True;MainView;167,6423;3;21;4;2;
OA09;12;Waypoint;35,5;4;0;2262;1108;False;True;MainView;167,6423;3;21;4;2;
OA09;12;Waypoint;35,6;4;0;2262;1108;False;True;MainView;167,6423;3;21;4;2;
OA09;12;Waypoint;35,7;4;0;2262;1108;False;True;MainView;167,6423;3;21;4;2;
OA09;12;Waypoint;35,8;4;0;2262;1108;False;True;SecondaryView;167,6423;3;21;4;2;
OA09;12;Waypoint;35,9;4;0;2262;1108;False;True;SecondaryView;167,6423;3;21;4;2;
OA09;12;Waypoint;36,0;4;0;2262;1108;False;True;SecondaryView;167,6423;3;21;4;2;
OA09;12;Waypoint;36,1;4;0;2262;1108;False;True;SecondaryView;167,6423;3;21;4;2;
OA09;12;Waypoint;36,2;4;0;2262;1108;False;True;SecondaryView;167,6423;3;21;4;2;
OA09;12;Waypoint;36,3;4;0;2262;1108;False;True;SecondaryView;167,6423;3;21;4;2;
OA09;12;Waypoint;36,4;4;0;2262;1108;False;True;SecondaryView;167,6423;3;21;4;2;
OA09;12;Waypoint;36,5;4;0;2262;1108;False;True;SecondaryView;167,6423;3;21;4;2;
OA09;12;Waypoint;36,6;4;0;2262;1108;False;True;SecondaryView;167,6423;3;21;4;2;
OA09;12;Waypoint;36,7;4;0;2262;1108;False;True;SecondaryView;167,6423;3;21;4;2;
OA09;12;Waypoint;36,8;4;0;2262;1108;False;True;SecondaryView;167,6423;3;21;4;2;
OA09;12;Waypoint;36,9;4;0;2262;1108;False;True;SecondaryView;167,6423;3;21;4;2;
OA09;12;Waypoint;37,0;4;0;2220;1143;False;True;SecondaryView;168,807;3;21;4;2;
OA09;12;Waypoint;37,1;4;0;2209;1143;False;True;SecondaryView;169,4279;3;21;4;2;
OA09;12;Waypoint;37,2;4;0;2206;1143;False;True;SecondaryView;169,5081;3;21;4;2;
OA09;12;Waypoint;37,3;4;0;2206;1143;False;True;SecondaryView;169,5081;3;21;4;2;
OA09;12;Waypoint;37,4;4;0;2206;1143;False;True;SecondaryView;169,5081;3;22;4;2;
OA09;12;Waypoint;37,5;4;0;2206;1143;False;True;SecondaryView;169,5081;3;22;4;2;
OA09;12;Waypoint;37,6;4;0;2206;1143;False;True;SecondaryView;169,5081;3;22;4;2;
OA09;12;Waypoint;37,7;4;0;2206;1143;False;True;SecondaryView;169,5081;3;22;4;2;
OA09;12;Waypoint;37,8;4;0;2202;1143;False;True;SecondaryView;169,6151;3;22;4;2;
OA09;12;Waypoint;37,9;4;0;2199;1140;False;True;SecondaryView;169,7757;3;22;4;2;
OA09;12;Waypoint;38,0;4;0;2199;1140;False;True;SecondaryView;169,7757;3;22;4;2;
OA09;12;Waypoint;38,1;4;0;2199;1140;False;True;SecondaryView;169,7757;3;22;4;2;
OA09;12;Waypoint;38,2;4;0;2195;1143;False;True;SecondaryView;169,8559;3;22;4;2;
OA09;12;Waypoint;38,3;4;0;2195;1146;False;True;SecondaryView;170,0432;3;22;4;2;
OA09;12;Waypoint;38,4;4;0;2192;1153;False;True;SecondaryView;170,3107;3;22;4;2;
OA09;12;Waypoint;38,5;4;0;2188;1160;False;True;SecondaryView;170,605;3;22;4;2;
OA09;12;Waypoint;38,6;4;0;2188;1160;False;True;SecondaryView;170,605;3;22;4;2;
OA09;12;Waypoint;38,7;4;0;2188;1160;False;True;SecondaryView;170,605;3;22;4;2;
OA09;12;Waypoint;38,8;4;0;2188;1160;False;True;MainView;170,605;3;22;4;2;
OA09;12;Waypoint;38,9;4;0;2188;1160;False;True;MainView;170,605;3;22;4;2;
OA09;12;Waypoint;39,0;4;0;2188;1160;False;True;MainView;170,605;3;22;4;2;
OA09;12;Waypoint;39,1;4;0;2188;1160;False;True;MainView;170,605;3;22;4;2;
OA09;12;Waypoint;39,2;4;0;2188;1160;False;True;MainView;170,605;3;22;4;2;
OA09;12;Waypoint;39,3;4;0;2188;1160;False;True;MainView;170,605;3;22;4;2;
OA09;12;Waypoint;39,4;4;0;2188;1160;False;True;MainView;170,605;3;22;4;2;
OA09;12;Waypoint;39,5;4;0;2188;1160;False;True;MainView;170,605;3;22;4;2;
OA09;12;Waypoint;39,6;4;0;2188;1160;False;True;MainView;170,605;3;22;4;2;
OA09;12;Waypoint;39,7;4;0;2188;1160;False;True;MainView;170,605;3;22;4;2;
OA09;12;Waypoint;39,8;4;0;2188;1160;False;True;SecondaryView;170,605;3;22;4;2;
OA09;12;Waypoint;39,9;4;0;2188;1160;False;True;SecondaryView;170,605;3;23;4;2;
OA09;12;Waypoint;40,0;4;0;2188;1160;False;True;SecondaryView;170,605;3;23;4;2;
OA09;12;Waypoint;40,1;4;0;2188;1160;False;True;SecondaryView;170,605;3;23;4;2;
OA09;12;Waypoint;40,2;4;0;2188;1160;False;True;SecondaryView;170,605;3;23;4;2;
OA09;12;Waypoint;40,3;4;0;2188;1160;False;True;SecondaryView;170,605;3;23;4;2;
OA09;12;Waypoint;40,4;4;0;2185;1171;False;True;SecondaryView;170,7923;3;23;4;2;
OA09;12;Waypoint;40,5;4;0;2185;1188;False;True;SecondaryView;171,3808;3;23;4;2;
OA09;12;Waypoint;40,6;4;0;2181;1199;False;True;SecondaryView;171,7194;3;23;4;2;
OA09;12;Waypoint;40,7;4;0;2181;1199;False;True;MainView;171,7194;3;23;4;2;
OA09;12;Waypoint;40,8;4;0;2181;1199;False;True;MainView;171,7194;3;23;4;2;
OA09;12;Waypoint;40,9;4;0;2181;1199;False;True;MainView;171,7194;3;23;4;2;
OA09;12;Waypoint;41,0;4;0;2181;1199;False;True;SecondaryView;171,7194;3;23;4;2;
OA09;12;Waypoint;41,1;4;0;2181;1199;False;True;SecondaryView;171,7194;3;23;4;2;
OA09;12;Waypoint;41,2;4;0;2181;1199;False;True;SecondaryView;171,7194;3;23;4;2;
OA09;12;Waypoint;41,3;4;0;2181;1199;False;True;SecondaryView;171,7194;3;24;4;2;
OA09;12;Waypoint;41,4;4;0;2181;1199;False;True;SecondaryView;171,7194;3;24;4;2;
OA09;12;Waypoint;41,5;4;0;2181;1199;False;True;SecondaryView;171,7194;3;24;4;2;
OA09;12;Waypoint;41,6;4;0;2181;1199;False;True;SecondaryView;171,7194;3;24;4;2;
OA09;12;Waypoint;41,7;4;0;2181;1199;False;True;MainView;171,7194;3;24;4;2;
OA09;12;Waypoint;41,8;4;0;2181;1199;False;True;MainView;171,7194;3;24;4;2;
OA09;12;Waypoint;41,9;4;0;2181;1199;False;True;MainView;171,7194;3;24;4;2;
OA09;12;Waypoint;42,0;4;0;2181;1199;False;True;MainView;171,7194;3;24;4;2;
OA09;12;Waypoint;42,1;4;0;2181;1199;False;True;MainView;171,7194;3;24;4;2;
OA09;12;Waypoint;42,2;4;0;2181;1199;False;True;MainView;171,7194;3;24;4;2;
OA09;12;Waypoint;42,3;4;0;2181;1199;False;True;MainView;171,7194;3;24;4;2;
OA09;12;Waypoint;42,4;4;0;2181;1199;False;True;MainView;171,7194;3;24;4;2;
OA09;12;Waypoint;42,5;4;0;2181;1199;False;True;MainView;171,7194;3;24;4;2;
OA09;12;Waypoint;42,6;4;0;2181;1192;False;True;MainView;171,9067;3;24;4;2;
OA09;12;Waypoint;42,7;4;0;2181;1192;False;True;MainView;171,9067;3;24;4;2;
OA09;12;Waypoint;42,8;4;0;2181;1192;False;True;MainView;171,9067;3;24;4;2;
OA09;12;Waypoint;42,9;4;0;2181;1192;False;True;MainView;171,9067;3;24;4;2;
OA09;12;Waypoint;43,0;4;0;2181;1189;False;True;SecondaryView;171,987;3;24;4;2;
OA09;12;Waypoint;43,1;4;0;2181;1189;False;True;SecondaryView;171,987;3;24;4;2;
OA09;12;Waypoint;43,2;4;0;2181;1189;False;True;SecondaryView;171,987;3;24;4;2;
OA09;12;Waypoint;43,3;4;0;2184;1185;False;True;SecondaryView;171,987;3;24;4;2;
OA09;12;Waypoint;43,4;4;0;2184;1182;False;True;SecondaryView;172,201;3;24;4;2;
OA09;12;Waypoint;43,5;4;0;2184;1182;False;True;MainView;172,201;3;24;4;2;
OA09;12;Waypoint;43,6;4;0;2184;1182;False;True;MainView;172,201;3;24;4;2;
OA09;12;Waypoint;43,7;4;0;2184;1182;False;True;MainView;172,201;3;24;4;2;
OA09;12;Waypoint;43,8;4;0;2184;1182;False;True;MainView;172,201;3;25;4;2;
OA09;12;Waypoint;43,9;4;0;2184;1182;False;True;MainView;172,201;3;25;4;2;
OA09;12;Waypoint;44,0;4;0;2184;1182;False;True;MainView;172,201;3;25;4;2;
OA09;12;Waypoint;44,1;4;0;2184;1182;False;True;MainView;172,201;3;25;4;2;
OA09;12;Waypoint;44,2;4;0;2184;1182;False;True;MainView;172,201;3;25;4;2;
OA09;12;Waypoint;44,3;4;0;2184;1182;False;True;MainView;172,201;3;25;4;2;
OA09;12;Waypoint;44,4;4;0;2184;1182;False;True;MainView;172,201;3;25;4;2;
OA09;12;Waypoint;44,5;4;0;2184;1182;False;True;MainView;172,201;3;25;4;2;
OA09;12;Waypoint;44,6;4;0;2184;1178;False;True;MainView;172,201;3;25;4;2;
OA09;12;Waypoint;44,7;4;0;2184;1175;False;True;MainView;172,3883;3;25;4;2;
OA09;12;Waypoint;44,8;4;0;2184;1175;False;True;MainView;172,3883;3;25;4;2;
OA09;12;Waypoint;44,9;4;0;2184;1171;False;True;MainView;172,4953;3;25;4;2;
OA09;12;Waypoint;45,0;4;0;2184;1171;False;True;MainView;172,4953;3;25;4;2;
OA09;12;Waypoint;45,1;4;0;2184;1171;False;True;MainView;172,4953;3;25;4;2;
OA09;12;Waypoint;45,2;4;0;2184;1171;False;True;MainView;172,4953;3;25;4;2;
OA09;12;Waypoint;45,3;4;0;2184;1171;False;True;MainView;172,4953;3;25;4;2;
OA09;12;Waypoint;45,4;4;0;2184;1171;False;True;SecondaryView;172,4953;3;25;4;2;
OA09;12;Waypoint;45,5;4;0;2184;1171;False;True;SecondaryView;172,4953;3;25;4;2;
OA09;12;Waypoint;45,6;4;0;2184;1171;False;True;SecondaryView;172,4953;3;25;4;2;
OA09;12;Waypoint;45,7;4;0;2184;1171;False;True;SecondaryView;172,4953;3;25;4;2;
OA09;12;Waypoint;45,8;4;0;2184;1171;False;True;SecondaryView;172,4953;3;26;4;2;
OA09;12;Waypoint;45,9;4;0;2184;1171;False;True;SecondaryView;172,4953;3;26;4;2;
OA09;12;Waypoint;46,0;4;0;2184;1171;False;True;SecondaryView;172,4953;3;26;4;2;
OA09;12;Waypoint;46,1;4;0;2184;1171;False;True;SecondaryView;172,4953;3;26;4;2;
OA09;12;Waypoint;46,2;4;0;2184;1171;False;True;SecondaryView;172,4953;3;26;4;2;
OA09;12;Waypoint;46,3;4;0;2184;1171;False;True;MainView;172,4953;3;26;4;2;
OA09;12;Waypoint;46,4;4;0;2184;1171;False;True;MainView;172,4953;3;26;4;2;
OA09;12;Waypoint;46,5;4;0;2184;1171;False;True;MainView;172,4953;3;26;4;2;
OA09;12;Waypoint;46,6;4;0;2184;1171;False;True;MainView;172,4953;3;26;4;2;
OA09;12;Waypoint;46,7;4;0;2184;1171;False;True;MainView;172,4953;3;26;4;2;
OA09;12;Waypoint;46,8;4;0;2184;1171;False;True;MainView;172,4953;3;26;4;2;
OA09;12;Waypoint;46,9;4;0;2184;1171;False;True;MainView;172,4953;3;26;4;2;
OA09;12;Waypoint;47,0;4;0;2184;1171;False;True;MainView;172,4953;3;26;4;2;
OA09;12;Waypoint;47,1;4;0;2184;1171;False;True;MainView;172,4953;3;26;4;2;
OA09;12;Waypoint;47,2;4;0;2184;1171;False;True;MainView;172,4953;3;26;4;2;
OA09;12;Waypoint;47,3;4;0;2184;1171;False;True;SecondaryView;172,4953;3;26;4;2;
OA09;12;Waypoint;47,4;4;0;2184;1171;False;True;SecondaryView;172,4953;3;26;4;2;
OA09;12;Waypoint;47,5;4;0;2184;1171;False;True;SecondaryView;172,4953;3;26;4;2;
OA09;12;Waypoint;47,6;4;0;2184;1171;False;True;MainView;172,4953;3;27;4;2;
OA09;12;Waypoint;47,7;4;0;2184;1171;False;True;MainView;172,4953;3;27;4;2;
OA09;12;Waypoint;47,8;4;0;2184;1171;False;True;MainView;172,4953;3;27;4;2;
OA09;12;Waypoint;47,9;4;0;2184;1171;False;True;MainView;172,4953;3;27;4;2;
OA09;12;Waypoint;48,0;4;0;2184;1171;False;True;SecondaryView;172,4953;3;27;4;2;
OA09;12;Waypoint;48,1;4;0;2184;1171;False;True;SecondaryView;172,4953;3;27;4;2;
OA09;12;Waypoint;48,2;4;0;2184;1171;False;True;SecondaryView;172,4953;3;27;4;2;
OA09;12;Waypoint;48,3;4;0;2184;1171;False;True;SecondaryView;172,4953;3;27;4;2;
OA09;12;Waypoint;48,4;4;0;2184;1171;False;True;SecondaryView;172,4953;3;27;4;2;
OA09;12;Waypoint;48,5;4;0;2184;1171;False;True;SecondaryView;172,4953;3;27;4;2;
OA09;12;Waypoint;48,6;4;0;2184;1171;False;True;SecondaryView;172,4953;3;27;4;2;
OA09;12;Waypoint;48,7;4;0;2184;1171;False;True;SecondaryView;172,4953;3;27;4;2;
OA09;12;Waypoint;48,8;4;0;2184;1171;False;True;SecondaryView;172,4953;3;27;4;2;
OA09;12;Waypoint;48,9;4;0;2184;1171;False;True;SecondaryView;172,4953;3;27;4;2;
OA09;12;Waypoint;49,0;4;0;2184;1171;False;True;SecondaryView;172,4953;3;27;4;2;
OA09;12;Waypoint;49,1;4;0;2184;1171;False;True;MainView;172,4953;3;27;4;2;
OA09;12;Waypoint;49,2;4;0;2184;1171;False;True;MainView;172,4953;3;28;4;2;
OA09;12;Waypoint;49,3;4;0;2184;1171;False;True;MainView;172,4953;3;28;4;2;
OA09;12;Waypoint;49,4;4;0;2184;1171;False;True;MainView;172,4953;3;28;4;2;
OA09;12;Waypoint;49,5;4;0;2184;1171;False;True;MainView;172,4953;3;28;4;2;
OA09;12;Waypoint;49,6;4;0;2184;1171;False;True;MainView;172,4953;3;28;4;2;
OA09;12;Waypoint;49,7;4;0;2184;1171;False;True;MainView;172,4953;3;28;4;2;
OA09;12;Waypoint;49,8;4;0;2184;1171;False;True;MainView;172,4953;3;28;4;2;
OA09;12;Waypoint;49,9;4;0;2184;1171;False;True;MainView;172,4953;3;28;4;2;
OA09;12;Waypoint;50,0;4;0;2184;1171;False;True;MainView;172,4953;3;28;4;2;
OA09;12;Waypoint;50,1;4;0;2184;1171;False;True;MainView;172,4953;3;28;4;2;
OA09;12;Waypoint;50,2;4;0;2184;1171;False;True;MainView;172,4953;3;28;4;2;
OA09;12;Waypoint;50,3;4;0;2184;1171;False;True;MainView;172,4953;3;28;4;2;
OA09;12;Waypoint;50,4;4;0;2184;1171;False;True;MainView;172,4953;3;28;4;2;
OA09;12;Waypoint;50,5;4;0;2184;1171;False;True;MainView;172,4953;3;28;4;2;
OA09;12;Waypoint;50,6;4;0;2184;1171;False;True;MainView;172,4953;3;28;4;2;
OA09;12;Waypoint;50,7;4;0;2184;1171;False;True;MainView;172,4953;3;28;4;2;
OA09;12;Waypoint;50,8;4;0;2184;1171;False;True;SecondaryView;172,4953;3;28;4;2;
OA09;12;Waypoint;50,9;4;0;2184;1171;False;True;SecondaryView;172,4953;3;28;4;2;
OA09;12;Waypoint;51,0;4;0;2184;1171;False;True;SecondaryView;172,4953;3;29;4;2;
OA09;12;Waypoint;51,1;4;0;2184;1171;False;True;SecondaryView;172,4953;3;29;4;2;
OA09;12;Waypoint;51,2;4;0;2184;1171;False;True;SecondaryView;172,4953;3;29;4;2;
OA09;12;Waypoint;51,3;4;0;2184;1171;False;True;SecondaryView;172,4953;3;29;4;2;
OA09;12;Waypoint;51,4;4;0;2184;1171;False;True;MainView;172,4953;3;29;4;2;
OA09;12;Waypoint;51,5;4;0;2184;1171;False;True;MainView;172,4953;3;29;4;2;
OA09;12;Waypoint;51,6;4;0;2184;1171;False;True;MainView;172,4953;3;29;4;2;
OA09;12;Waypoint;51,7;4;0;2184;1171;False;True;MainView;172,4953;3;29;4;2;
OA09;12;Waypoint;51,8;4;0;2184;1171;False;True;MainView;172,4953;3;29;4;2;
OA09;12;Waypoint;51,9;4;0;2184;1171;False;True;MainView;172,4953;3;29;4;2;
OA09;12;Waypoint;52,0;4;0;2184;1171;False;True;MainView;172,4953;3;29;4;2;
OA09;12;Waypoint;52,1;4;0;2184;1171;False;True;MainView;172,4953;3;29;4;2;
OA09;12;Waypoint;52,2;4;0;2184;1171;False;True;MainView;172,4953;3;29;4;2;
OA09;12;Waypoint;52,3;4;0;2184;1171;False;True;SecondaryView;172,4953;3;29;4;2;
OA09;12;Waypoint;52,4;4;0;2184;1171;False;True;SecondaryView;172,4953;3;29;4;2;
OA09;12;Waypoint;52,5;4;0;2191;1174;False;True;SecondaryView;172,7093;3;29;4;2;
OA09;12;Waypoint;52,6;4;0;2191;1174;False;True;SecondaryView;172,7093;3;30;4;2;
OA09;12;Waypoint;52,7;4;0;2191;1174;False;True;SecondaryView;172,7093;3;30;4;2;
OA09;12;Waypoint;52,8;4;0;2191;1174;False;True;SecondaryView;172,7093;3;30;4;2;
OA09;12;Waypoint;52,9;4;0;2191;1174;False;True;SecondaryView;172,7093;3;30;4;2;
OA09;12;Waypoint;53,0;4;0;2191;1174;False;True;MainView;172,7093;3;30;4;2;
OA09;12;Waypoint;53,1;4;0;2191;1174;False;True;MainView;172,7093;3;30;4;2;
OA09;12;Waypoint;53,2;4;0;2191;1174;False;True;MainView;172,7093;3;30;4;2;
OA09;12;Waypoint;53,3;4;0;2191;1174;False;True;MainView;172,7093;3;30;4;2;
OA09;12;Waypoint;53,4;4;0;2191;1174;False;True;MainView;172,7093;3;30;4;2;
OA09;12;Waypoint;53,5;4;0;2191;1174;False;True;MainView;172,7093;3;30;4;2;
OA09;12;Waypoint;53,6;4;0;2191;1174;False;True;MainView;172,7093;3;30;4;2;
OA09;12;Waypoint;53,7;4;0;2191;1174;False;True;MainView;172,7093;3;30;4;2;
OA09;12;Waypoint;53,8;4;0;2191;1174;False;True;MainView;172,7093;3;30;4;2;
OA09;12;Waypoint;53,9;4;0;2191;1174;False;True;MainView;172,7093;3;30;4;2;
OA09;12;Waypoint;54,0;4;0;2191;1174;False;True;MainView;172,7093;3;30;4;2;
OA09;12;Waypoint;54,1;4;0;2191;1174;False;True;SecondaryView;172,7093;3;30;4;2;
OA09;12;Waypoint;54,2;4;0;2191;1174;False;True;SecondaryView;172,7093;3;30;4;2;
OA09;12;Waypoint;54,3;4;0;2191;1174;False;True;SecondaryView;172,7093;3;30;4;2;
OA09;12;Waypoint;54,4;4;0;2191;1174;False;True;SecondaryView;172,7093;3;30;4;2;
OA09;12;Waypoint;54,5;4;0;2191;1174;False;True;SecondaryView;172,7093;3;30;4;2;
OA09;12;Waypoint;54,6;4;0;2191;1174;False;True;MainView;172,7093;3;30;4;2;
OA09;12;Waypoint;54,7;4;0;2191;1174;False;True;MainView;172,7093;3;30;4;2;
OA09;12;Waypoint;54,8;4;0;2191;1174;False;True;MainView;172,7093;3;30;4;2;
OA09;12;Waypoint;54,9;4;0;2191;1174;False;True;MainView;172,7093;3;30;4;2;
OA09;12;Waypoint;55,0;4;0;2191;1174;False;True;MainView;172,7093;3;30;4;2;
OA09;12;Waypoint;55,1;4;0;2191;1174;False;True;MainView;172,7093;3;30;4;2;
OA09;12;Waypoint;55,2;4;0;2191;1174;False;True;MainView;172,7093;3;30;4;2;
OA09;12;Waypoint;55,3;4;0;2191;1174;False;True;MainView;172,7093;3;30;4;2;
OA09;12;Waypoint;55,4;4;0;2191;1174;False;True;MainView;172,7093;3;30;4;2;
OA09;12;Waypoint;55,5;4;0;2191;1174;False;True;SecondaryView;172,7093;3;30;4;2;
OA09;12;Waypoint;55,6;4;0;2191;1174;False;True;SecondaryView;172,7093;3;30;4;2;
OA09;12;Waypoint;55,7;4;0;2191;1174;False;True;SecondaryView;172,7093;3;30;4;2;
OA09;12;Waypoint;55,8;4;0;2191;1174;False;True;SecondaryView;172,7093;3;31;4;2;
OA09;12;Waypoint;55,9;4;0;2191;1174;False;True;SecondaryView;172,7093;3;31;4;2;
OA09;12;Waypoint;56,0;4;0;2191;1174;False;True;SecondaryView;172,7093;3;31;4;2;
OA09;12;Waypoint;56,1;4;0;2191;1174;False;True;SecondaryView;172,7093;3;31;4;2;
OA09;12;Waypoint;56,2;4;0;2191;1174;False;True;SecondaryView;172,7093;3;31;4;2;
OA09;12;Waypoint;56,3;4;0;2191;1174;False;True;SecondaryView;172,7093;3;31;4;2;
OA09;12;Waypoint;56,4;4;0;2191;1174;False;True;SecondaryView;172,7093;3;31;4;2;
OA09;12;Waypoint;56,5;4;0;2191;1174;False;True;SecondaryView;172,7093;3;31;4;2;
OA09;12;Waypoint;56,6;4;0;2191;1174;False;True;SecondaryView;172,7093;3;31;4;2;
OA09;12;Waypoint;56,7;4;0;2202;1192;False;True;SecondaryView;173,3219;3;31;4;2;
OA09;12;Waypoint;56,8;4;0;2202;1199;False;True;SecondaryView;173,5092;3;31;4;2;
OA09;12;Waypoint;56,9;4;0;2205;1213;False;True;SecondaryView;173,964;3;31;4;2;
OA09;12;Waypoint;57,0;4;0;2202;1223;False;True;SecondaryView;174,2647;3;31;4;2;
OA09;12;Waypoint;57,1;4;0;2202;1223;False;True;SecondaryView;174,2647;3;31;4;2;
OA09;12;Waypoint;57,2;4;0;2202;1223;False;True;SecondaryView;174,2647;3;31;4;2;
OA09;12;Waypoint;57,3;4;0;2202;1223;False;True;SecondaryView;174,2647;3;31;4;2;
OA09;12;Waypoint;57,4;4;0;2199;1213;False;True;SecondaryView;174,4585;3;31;4;2;
OA09;12;Waypoint;57,5;4;0;2195;1206;False;True;SecondaryView;174,8598;3;31;4;2;
OA09;12;Waypoint;57,6;4;0;2195;1206;False;True;SecondaryView;174,8598;3;31;4;2;
OA09;12;Waypoint;57,7;4;0;2195;1206;False;True;SecondaryView;174,8598;3;31;4;2;
OA09;12;Waypoint;57,8;4;0;2195;1206;False;True;SecondaryView;174,8598;3;32;4;2;
OA09;12;Waypoint;57,9;4;0;2195;1206;False;True;SecondaryView;174,8598;3;32;4;2;
OA09;12;Waypoint;58,0;4;0;2195;1206;False;True;SecondaryView;174,8598;3;32;4;2;
OA09;12;Waypoint;58,1;4;0;2195;1206;False;True;SecondaryView;174,8598;3;32;4;2;
OA09;12;Waypoint;58,2;4;0;2195;1206;False;True;SecondaryView;174,8598;3;32;4;2;
OA09;12;Waypoint;58,3;4;0;2195;1206;False;True;SecondaryView;174,8598;3;32;4;2;
OA09;12;Waypoint;58,4;4;0;2195;1206;False;True;SecondaryView;174,8598;3;32;4;2;
OA09;12;Waypoint;58,5;4;0;2195;1206;False;True;SecondaryView;174,8598;3;32;4;2;
OA09;12;Waypoint;58,6;4;0;2195;1206;False;True;SecondaryView;174,8598;3;32;4;2;
OA09;12;Waypoint;58,7;4;0;2195;1206;False;True;SecondaryView;174,8598;3;32;4;2;
OA09;12;Waypoint;58,8;4;0;2195;1206;False;True;SecondaryView;174,8598;3;32;4;2;
OA09;12;Waypoint;58,9;4;0;2195;1206;False;True;SecondaryView;174,8598;3;32;4;2;
OA09;12;Waypoint;59,0;4;0;2195;1206;False;True;SecondaryView;174,8598;3;32;4;2;
OA09;12;Waypoint;59,1;4;0;2195;1206;False;True;SecondaryView;174,8598;3;32;4;2;
OA09;12;Waypoint;59,2;4;0;2195;1206;False;True;SecondaryView;174,8598;3;32;4;2;
OA09;12;Waypoint;59,3;4;0;2195;1206;False;True;SecondaryView;174,8598;3;32;4;2;
OA09;12;Waypoint;59,4;4;0;2195;1206;False;True;SecondaryView;174,8598;3;32;4;2;
OA09;12;Waypoint;59,5;4;0;2195;1206;False;True;SecondaryView;174,8598;3;32;4;2;
OA09;12;Waypoint;59,6;4;0;2195;1206;False;True;SecondaryView;174,8598;3;32;4;2;
OA09;12;Waypoint;59,7;4;0;2195;1206;False;True;SecondaryView;174,8598;3;32;4;2;
OA09;12;Waypoint;59,8;4;0;2195;1206;False;True;SecondaryView;174,8598;3;32;4;2;
OA09;12;Waypoint;59,9;4;0;2195;1206;False;True;SecondaryView;174,8598;3;32;4;2;
OA09;12;Waypoint;60,0;4;0;2195;1206;False;True;SecondaryView;174,8598;3;32;4;2;
OA09;12;Waypoint;60,1;4;0;2195;1206;False;True;SecondaryView;174,8598;3;32;4;2;
OA09;12;Waypoint;60,2;4;0;2195;1206;False;True;SecondaryView;174,8598;3;32;4;2;
OA09;12;Waypoint;60,3;4;0;2195;1206;False;True;SecondaryView;174,8598;3;32;4;2;
OA09;12;Waypoint;60,4;4;0;2195;1206;False;True;SecondaryView;174,8598;3;33;4;2;
OA09;12;Waypoint;60,5;4;0;2195;1206;False;True;SecondaryView;174,8598;3;33;4;2;
OA09;12;Waypoint;60,6;4;0;2195;1206;False;True;SecondaryView;174,8598;3;33;4;2;
OA09;12;Waypoint;60,7;4;0;2195;1206;False;True;SecondaryView;174,8598;3;33;4;2;
OA09;12;Waypoint;60,8;4;0;2195;1206;False;True;SecondaryView;174,8598;3;33;4;2;
OA09;12;Waypoint;60,9;4;0;2195;1206;False;True;SecondaryView;174,8598;3;33;4;2;
OA09;12;Waypoint;61,0;4;0;2195;1206;False;True;SecondaryView;174,8598;3;33;4;2;
OA09;12;Waypoint;61,1;4;0;2212;1213;False;True;SecondaryView;175,2676;3;33;4;2;
OA09;12;Waypoint;61,2;4;0;2223;1220;False;True;SecondaryView;175,8358;3;33;4;2;
OA09;12;Waypoint;61,3;4;0;2223;1220;False;True;SecondaryView;175,8358;3;33;4;2;
OA09;12;Waypoint;61,4;4;0;2223;1220;False;True;SecondaryView;175,8358;3;33;4;2;
OA09;12;Waypoint;61,5;4;0;2223;1220;False;True;SecondaryView;175,8358;3;33;4;2;
OA09;12;Waypoint;61,6;4;0;2220;1220;False;True;SecondaryView;175,9161;3;33;4;2;
OA09;12;Waypoint;61,7;4;0;2216;1220;False;True;SecondaryView;176,0231;3;33;4;2;
OA09;12;Waypoint;61,8;4;0;2216;1220;False;True;SecondaryView;176,0231;3;33;4;2;
OA09;12;Waypoint;61,9;4;0;2213;1220;False;True;SecondaryView;176,1034;3;33;4;2;
OA09;12;Waypoint;62,0;4;0;2209;1220;False;True;SecondaryView;176,2104;3;33;4;2;
OA09;12;Waypoint;62,1;4;0;2209;1220;False;True;SecondaryView;176,2104;3;33;4;2;
OA09;12;Waypoint;62,2;4;0;2209;1220;False;True;SecondaryView;176,2104;3;33;4;2;
OA09;12;Waypoint;62,3;4;0;2206;1220;False;True;SecondaryView;176,2906;3;33;4;2;
OA09;12;Waypoint;62,4;4;0;2206;1220;False;True;SecondaryView;176,2906;3;33;4;2;
OA09;12;Waypoint;62,5;4;0;2206;1220;False;True;SecondaryView;176,2906;3;33;4;2;
OA09;12;Waypoint;62,6;4;0;2199;1220;False;True;SecondaryView;176,4779;3;33;4;2;
OA09;12;Waypoint;62,7;4;0;2199;1220;False;True;SecondaryView;176,4779;3;33;4;2;
OA09;12;Waypoint;62,8;4;0;2199;1220;False;True;SecondaryView;176,4779;3;34;4;2;
OA09;12;Waypoint;62,9;4;0;2199;1220;False;True;SecondaryView;176,4779;3;34;4;2;
OA09;12;Waypoint;63,0;4;0;2199;1220;False;True;SecondaryView;176,4779;3;34;4;2;
OA09;12;Waypoint;63,1;4;0;2199;1220;False;True;SecondaryView;176,4779;3;34;4;2;
OA09;12;Waypoint;63,2;4;0;2199;1220;False;True;SecondaryView;176,4779;3;34;4;2;
OA09;12;Waypoint;63,3;4;0;2199;1220;False;True;SecondaryView;176,4779;3;34;4;2;
OA09;12;Waypoint;63,4;4;0;2202;1220;False;True;SecondaryView;176,5582;3;34;4;2;
OA09;12;Waypoint;63,5;4;0;2209;1223;False;True;SecondaryView;176,8257;3;34;4;2;
OA09;12;Waypoint;63,6;4;0;2209;1223;False;True;SecondaryView;176,8257;3;34;4;2;
OA09;12;Waypoint;63,7;4;0;2209;1223;False;True;SecondaryView;176,8257;3;34;4;2;
OA09;12;Waypoint;63,8;4;0;2209;1223;False;True;SecondaryView;176,8257;3;34;4;2;
OA09;12;Waypoint;63,9;4;0;2209;1223;False;True;SecondaryView;176,8257;3;35;4;2;
OA09;12;Waypoint;64,0;4;0;2209;1223;False;True;SecondaryView;176,8257;3;35;4;2;
OA09;12;Waypoint;64,1;4;0;2209;1223;False;True;SecondaryView;176,8257;3;35;4;2;
OA09;12;Waypoint;64,2;4;0;2209;1223;False;True;SecondaryView;176,8257;3;35;4;2;
OA09;12;Waypoint;64,3;4;0;2209;1223;False;True;SecondaryView;176,8257;3;35;4;2;
OA09;12;Waypoint;64,4;4;0;2209;1223;False;True;SecondaryView;176,8257;3;35;4;2;
OA09;12;Waypoint;64,5;4;0;2209;1223;False;True;SecondaryView;176,8257;3;35;4;2;
OA09;12;Waypoint;64,6;4;0;2209;1223;False;True;SecondaryView;176,8257;3;35;4;2;
OA09;12;Waypoint;64,7;4;0;2209;1223;False;True;SecondaryView;176,8257;3;35;4;2;
OA09;12;Waypoint;64,8;4;0;2209;1223;False;True;SecondaryView;176,8257;3;35;4;2;
OA09;12;Waypoint;64,9;4;0;2209;1223;False;True;SecondaryView;176,8257;3;35;4;2;
OA09;12;Waypoint;65,0;4;0;2209;1223;False;True;SecondaryView;176,8257;3;35;4;2;
OA09;12;Waypoint;65,1;4;0;2209;1223;False;True;SecondaryView;176,8257;3;35;4;2;
OA09;12;Waypoint;65,2;4;0;2209;1223;False;True;SecondaryView;176,8257;3;35;4;2;
OA09;12;Waypoint;65,3;4;0;2209;1223;False;True;SecondaryView;176,8257;3;35;4;2;
OA09;12;Waypoint;65,4;4;0;2209;1223;False;True;SecondaryView;176,8257;3;35;4;2;
OA09;12;Waypoint;65,5;4;0;2209;1223;False;True;SecondaryView;176,8257;3;35;4;2;
OA09;12;Waypoint;65,6;4;0;2209;1223;False;True;SecondaryView;176,8257;3;35;4;2;
OA09;12;Waypoint;65,7;4;0;2209;1223;False;True;SecondaryView;176,8257;3;35;4;2;
OA09;12;Waypoint;65,8;4;0;2209;1223;False;True;SecondaryView;176,8257;3;35;4;2;
OA09;12;Waypoint;65,9;4;0;2209;1223;False;True;SecondaryView;176,8257;3;35;4;2;
OA09;12;Waypoint;66,0;4;0;2209;1223;False;True;SecondaryView;176,8257;3;35;4;2;
OA09;12;Waypoint;66,1;4;0;2209;1223;False;True;SecondaryView;176,8257;3;36;4;2;
OA09;12;Waypoint;66,2;4;0;2209;1223;False;True;SecondaryView;176,8257;3;36;4;2;
OA09;12;Waypoint;66,3;4;0;2209;1223;False;True;SecondaryView;176,8257;3;36;4;2;
OA09;12;Waypoint;66,4;4;0;2209;1223;False;True;SecondaryView;176,8257;3;36;4;2;
OA09;12;Waypoint;66,5;4;0;2209;1223;False;True;SecondaryView;176,8257;3;36;4;2;
OA09;12;Waypoint;66,6;4;0;2209;1223;False;True;SecondaryView;176,8257;3;36;4;2;
OA09;12;Waypoint;66,7;4;0;2209;1223;False;True;SecondaryView;176,8257;3;36;4;2;
OA09;12;Waypoint;66,8;4;0;2209;1223;False;True;SecondaryView;176,8257;3;36;4;2;
OA09;12;Waypoint;66,9;4;0;2212;1217;False;True;SecondaryView;177,0195;3;36;4;2;
OA09;12;Waypoint;67,0;4;0;2216;1210;False;True;SecondaryView;177,2511;3;36;4;2;
OA09;12;Waypoint;67,1;4;0;2216;1196;False;True;SecondaryView;177,6256;3;36;4;2;
OA09;12;Waypoint;67,2;4;0;2216;1196;False;True;SecondaryView;177,6256;3;36;4;2;
OA09;12;Waypoint;67,3;4;0;2216;1196;False;True;SecondaryView;177,6256;3;37;4;2;
OA09;12;Waypoint;67,4;4;0;2216;1196;False;True;SecondaryView;177,6256;3;37;4;2;
OA09;12;Waypoint;67,5;4;0;2216;1196;False;True;SecondaryView;177,6256;3;37;4;2;
OA09;12;Waypoint;67,6;4;0;2216;1196;False;True;SecondaryView;177,6256;3;37;4;2;
OA09;12;Waypoint;67,7;4;0;2216;1196;False;True;SecondaryView;177,6256;3;37;4;2;
OA09;12;Waypoint;67,8;4;0;2216;1196;False;True;SecondaryView;177,6256;3;37;4;2;
OA09;12;Waypoint;67,9;4;0;2199;1202;False;True;SecondaryView;178,2409;3;37;4;2;
OA09;12;Waypoint;68,0;4;0;2195;1202;False;True;SecondaryView;178,3479;3;37;4;2;
OA09;12;Waypoint;68,1;4;0;2195;1202;False;True;SecondaryView;178,3479;3;37;4;2;
OA09;12;Waypoint;68,2;4;0;2192;1202;False;True;SecondaryView;178,4282;3;38;4;2;
OA09;12;Waypoint;68,3;4;0;2192;1202;False;True;SecondaryView;178,4282;3;38;4;2;
OA09;12;Waypoint;68,4;4;0;2192;1202;False;True;SecondaryView;178,4282;3;38;4;2;
OA09;12;Waypoint;68,5;4;0;2192;1202;False;True;SecondaryView;178,4282;3;38;4;2;
OA09;12;Waypoint;68,6;4;0;2192;1202;False;True;SecondaryView;178,4282;3;38;4;2;
OA09;12;Waypoint;68,7;4;0;2192;1202;False;True;SecondaryView;178,4282;3;38;4;2;
OA09;12;Waypoint;68,8;4;0;2192;1202;False;True;SecondaryView;178,4282;3;38;5;2;
OA09;12;Waypoint;68,9;4;0;2192;1202;False;True;SecondaryView;178,4282;3;38;5;2;
OA09;12;Waypoint;69,0;4;0;2192;1202;False;True;SecondaryView;178,4282;3;39;5;2;
OA09;12;Waypoint;69,1;4;0;2192;1202;False;True;SecondaryView;178,4282;3;39;5;2;
OA09;12;Waypoint;69,2;4;0;2192;1202;False;True;SecondaryView;178,4282;3;39;5;2;
OA09;12;Waypoint;69,3;4;0;2192;1202;False;True;SecondaryView;178,4282;3;39;5;2;
OA09;12;Waypoint;69,4;4;0;2192;1202;False;True;SecondaryView;178,4282;3;39;5;2;
OA09;12;Waypoint;69,5;4;0;2192;1202;False;True;SecondaryView;178,4282;3;39;5;2;
OA09;12;Waypoint;69,6;4;0;2192;1202;False;True;SecondaryView;178,4282;3;39;5;2;
OA09;12;Waypoint;69,7;4;0;2192;1202;False;True;SecondaryView;178,4282;3;39;5;2;
OA09;12;Waypoint;69,8;4;0;2192;1202;False;True;SecondaryView;178,4282;3;39;5;2;
OA09;12;Waypoint;69,9;4;0;2192;1202;False;True;SecondaryView;178,4282;3;39;5;2;
OA09;12;Waypoint;70,0;4;0;2192;1202;False;True;SecondaryView;178,4282;3;39;5;2;
OA09;12;Waypoint;70,1;4;0;2192;1202;False;True;SecondaryView;178,4282;3;39;5;2;
OA09;12;Waypoint;70,2;4;0;2192;1202;False;True;SecondaryView;178,4282;3;39;5;2;
OA09;12;Waypoint;70,3;4;0;2192;1202;False;True;SecondaryView;178,4282;3;39;5;2;
OA09;12;Waypoint;70,4;4;0;2192;1202;False;True;SecondaryView;178,4282;3;39;5;2;
OA09;12;Waypoint;70,5;4;0;2192;1202;False;True;SecondaryView;178,4282;3;39;5;2;
OA09;12;Waypoint;70,6;4;0;2192;1202;False;True;SecondaryView;178,4282;3;39;5;2;
OA09;12;Waypoint;70,7;4;0;2192;1202;False;True;SecondaryView;178,4282;3;39;5;2;
OA09;12;Waypoint;70,8;4;0;2192;1202;False;True;SecondaryView;178,4282;3;39;5;2;
OA09;12;Waypoint;70,9;4;0;2192;1202;False;True;SecondaryView;178,4282;3;39;5;2;
OA09;12;Waypoint;71,0;4;0;2192;1202;False;True;SecondaryView;178,4282;3;39;5;2;
OA09;12;Waypoint;71,1;4;0;2192;1202;False;True;SecondaryView;178,4282;3;39;5;2;
OA09;12;Waypoint;71,2;4;0;2192;1202;False;True;SecondaryView;178,4282;3;39;5;2;
OA09;12;Waypoint;71,3;4;0;2192;1202;False;True;SecondaryView;178,4282;3;39;5;2;
OA09;12;Waypoint;71,4;4;0;2192;1202;False;True;SecondaryView;178,4282;3;39;5;2;
OA09;12;Waypoint;71,5;4;0;2192;1202;False;True;SecondaryView;178,4282;3;39;5;2;
OA09;12;Waypoint;71,6;4;0;2192;1202;False;True;SecondaryView;178,4282;3;39;5;2;
OA09;12;Waypoint;71,7;4;0;2192;1202;False;True;SecondaryView;178,4282;3;39;5;2;
OA09;12;Waypoint;71,8;4;0;2192;1202;False;True;SecondaryView;178,4282;3;39;5;2;
OA09;12;Waypoint;71,9;4;0;2192;1202;False;True;SecondaryView;178,4282;3;39;5;2;
OA09;12;Waypoint;72,0;4;0;2192;1202;False;True;SecondaryView;178,4282;3;40;5;2;
OA09;12;Waypoint;72,1;4;0;2192;1202;False;True;SecondaryView;178,4282;3;40;5;2;
OA09;12;Waypoint;72,2;4;0;2192;1202;False;True;SecondaryView;178,4282;3;40;5;2;
OA09;12;Waypoint;72,3;4;0;2192;1202;False;True;SecondaryView;178,4282;3;40;5;2;
OA09;12;Waypoint;72,4;4;0;2192;1202;False;True;SecondaryView;178,4282;3;40;5;2;
OA09;12;Waypoint;72,5;4;0;2192;1202;False;True;SecondaryView;178,4282;3;40;5;2;
OA09;12;Waypoint;72,6;4;0;2195;1192;False;True;SecondaryView;178,5887;3;40;5;2;
OA09;12;Waypoint;72,7;4;0;2195;1192;False;True;SecondaryView;178,7225;3;40;5;2;
OA09;12;Waypoint;72,8;4;0;2202;1192;False;True;SecondaryView;178,9098;3;40;5;2;
OA09;12;Waypoint;72,9;4;0;2202;1192;False;True;SecondaryView;178,9098;3;40;5;2;
OA09;12;Waypoint;73,0;4;0;2202;1192;False;True;SecondaryView;178,9098;3;40;5;2;
OA09;12;Waypoint;73,1;4;0;2216;1195;False;True;SecondaryView;179,3111;3;40;5;2;
OA09;12;Waypoint;73,2;4;0;2237;1199;False;True;SecondaryView;179,9264;3;40;5;2;
OA09;12;Waypoint;73,3;4;0;2240;1199;False;True;SecondaryView;180,0066;3;40;5;2;
OA09;12;Waypoint;73,4;4;0;2240;1199;False;True;SecondaryView;180,0066;3;40;5;2;
OA09;12;Waypoint;73,5;4;0;2240;1199;False;True;SecondaryView;180,0066;3;40;5;2;
OA09;12;Waypoint;73,6;4;0;2234;1196;False;True;SecondaryView;180,2474;3;40;5;2;
OA09;12;Waypoint;73,7;4;0;2230;1196;False;True;SecondaryView;180,3544;3;40;5;2;
OA09;12;Waypoint;73,8;4;0;2230;1196;False;True;SecondaryView;180,3544;3;40;5;2;
OA09;12;Waypoint;73,9;4;0;2230;1196;False;True;SecondaryView;180,3544;3;40;5;2;
OA09;12;Waypoint;74,0;4;0;2227;1196;False;True;SecondaryView;180,4347;3;41;5;2;
OA09;12;Waypoint;74,1;4;0;2227;1196;False;True;SecondaryView;180,4347;3;41;5;2;
OA09;12;Waypoint;74,2;4;0;2227;1196;False;True;SecondaryView;180,4347;3;41;5;2;
OA09;12;Waypoint;74,3;4;0;2227;1196;False;True;SecondaryView;180,4347;3;41;5;2;
OA09;12;Waypoint;74,4;4;0;2227;1196;False;True;SecondaryView;180,4347;3;41;5;2;
OA09;12;Waypoint;74,5;4;0;2227;1196;False;True;SecondaryView;180,4347;3;41;5;2;
OA09;12;Waypoint;74,6;4;0;2227;1196;False;True;SecondaryView;180,4347;3;41;5;2;
OA09;12;Waypoint;74,7;4;0;2233;1202;False;True;SecondaryView;180,7087;3;41;5;2;
OA09;12;Waypoint;74,8;4;0;2233;1202;False;True;SecondaryView;180,7087;3;41;5;2;
OA09;12;Waypoint;74,9;4;0;2233;1202;False;True;SecondaryView;180,7087;3;41;5;2;
OA09;12;Waypoint;75,0;4;0;2233;1202;False;True;SecondaryView;180,7087;3;42;5;2;
OA09;12;Waypoint;75,1;4;0;2233;1202;False;True;SecondaryView;180,7087;3;42;5;2;
OA09;12;Waypoint;75,2;4;0;2233;1202;False;True;SecondaryView;180,7087;3;42;5;2;
OA09;12;Waypoint;75,3;4;0;2233;1202;False;True;SecondaryView;180,7087;3;42;5;2;
OA09;12;Waypoint;75,4;4;0;2233;1202;False;True;SecondaryView;180,7087;3;42;5;2;
OA09;12;Waypoint;75,5;4;0;2233;1202;False;True;SecondaryView;180,7087;3;42;5;2;
OA09;12;Waypoint;75,6;4;0;2233;1202;False;True;SecondaryView;180,7087;3;42;5;2;
OA09;12;Waypoint;75,7;4;0;2233;1202;False;True;SecondaryView;180,7087;3;42;5;2;
OA09;12;Waypoint;75,8;4;0;2233;1202;False;True;SecondaryView;180,7087;3;42;5;2;
OA09;12;Waypoint;75,9;4;0;2233;1202;False;True;SecondaryView;180,7087;3;42;5;2;
OA09;12;Waypoint;76,0;4;0;2233;1202;False;True;SecondaryView;180,7087;3;42;5;2;
OA09;12;Waypoint;76,1;4;0;2233;1202;False;True;SecondaryView;180,7087;3;42;5;2;
OA09;12;Waypoint;76,2;4;0;2233;1202;False;True;SecondaryView;180,7087;3;42;5;2;
OA09;12;Waypoint;76,3;4;0;2233;1206;False;True;SecondaryView;180,8157;3;42;5;2;
OA09;12;Waypoint;76,4;4;0;2233;1206;False;True;SecondaryView;180,8157;3;43;5;2;
OA09;12;Waypoint;76,5;4;0;2233;1206;False;True;SecondaryView;180,8157;3;43;5;2;
OA09;12;Waypoint;76,6;4;0;2233;1206;False;True;SecondaryView;180,8157;3;43;5;2;
OA09;12;Waypoint;76,7;4;0;2233;1206;False;True;SecondaryView;180,8157;3;43;5;2;
OA09;12;Waypoint;76,8;4;0;2233;1206;False;True;SecondaryView;180,8157;3;43;5;2;
OA09;12;Waypoint;76,9;4;0;2233;1206;False;True;SecondaryView;180,8157;3;43;5;2;
OA09;12;Waypoint;77,0;4;0;2233;1206;False;True;SecondaryView;180,8157;3;43;5;2;
OA09;12;Waypoint;77,1;4;0;2233;1206;False;True;SecondaryView;180,8157;3;43;5;2;
OA09;12;Waypoint;77,2;4;0;2233;1206;False;True;SecondaryView;180,8157;3;43;5;2;
OA09;12;Waypoint;77,3;4;0;2233;1206;False;True;SecondaryView;180,8157;3;43;5;2;
OA09;12;Waypoint;77,4;4;0;2233;1206;False;True;SecondaryView;180,8157;3;43;5;2;
OA09;12;Waypoint;77,5;4;0;2233;1206;False;True;SecondaryView;180,8157;3;43;5;2;
OA09;12;Waypoint;77,6;4;0;2233;1209;False;True;SecondaryView;180,896;3;43;5;2;
OA09;12;Waypoint;77,7;4;0;2233;1209;False;True;SecondaryView;180,896;3;43;5;2;
OA09;12;Waypoint;77,8;4;0;2230;1209;False;True;SecondaryView;180,9762;3;43;5;2;
OA09;12;Waypoint;77,9;4;0;2230;1209;False;True;SecondaryView;180,9762;3;43;5;2;
OA09;12;Waypoint;78,0;4;0;2230;1209;False;True;SecondaryView;180,9762;3;43;5;2;
OA09;12;Waypoint;78,1;4;0;2227;1209;False;True;SecondaryView;181,0565;3;43;5;2;
OA09;12;Waypoint;78,2;4;0;2223;1209;False;True;SecondaryView;181,1635;3;44;5;2;
OA09;12;Waypoint;78,3;4;0;2223;1209;False;True;SecondaryView;181,1635;3;44;5;2;
OA09;12;Waypoint;78,4;4;0;2223;1209;False;True;SecondaryView;181,1635;3;44;5;2;
OA09;12;Waypoint;78,5;4;0;2223;1209;False;True;SecondaryView;181,1635;3;44;5;2;
OA09;12;Waypoint;78,6;4;0;2223;1209;False;True;SecondaryView;181,1635;3;44;5;2;
OA09;12;Waypoint;78,7;4;0;2223;1209;False;True;SecondaryView;181,1635;3;44;5;2;
OA09;12;Waypoint;78,8;4;0;2216;1209;False;True;SecondaryView;181,3508;3;44;5;2;
OA09;12;Waypoint;78,9;4;0;2216;1209;False;True;SecondaryView;181,3508;3;44;6;2;
OA09;12;Waypoint;79,0;4;0;2216;1209;False;True;SecondaryView;181,3508;3;44;6;2;
OA09;12;Waypoint;79,1;4;0;2216;1209;False;True;SecondaryView;181,3508;3;44;6;2;
OA09;12;Waypoint;79,2;4;0;2216;1209;False;True;SecondaryView;181,3508;3;45;6;2;
OA09;12;Waypoint;79,3;4;0;2216;1209;False;True;SecondaryView;181,3508;3;45;6;2;
OA09;12;Waypoint;79,4;4;0;2216;1209;False;True;SecondaryView;181,3508;3;45;6;2;
OA09;12;Waypoint;79,5;4;0;2216;1209;False;True;SecondaryView;181,3508;3;45;6;2;
OA09;12;Waypoint;79,6;4;0;2216;1209;False;True;MainView;181,3508;3;45;6;2;
OA09;12;Waypoint;79,7;4;0;2216;1209;False;True;MainView;181,3508;3;45;6;2;
OA09;12;Waypoint;79,8;4;0;2216;1209;False;True;MainView;181,3508;3;45;6;2;
OA09;12;Waypoint;79,9;4;0;2216;1209;False;True;MainView;181,3508;3;45;6;2;
OA09;12;Waypoint;80,0;4;0;2216;1209;False;True;SecondaryView;181,3508;3;45;6;2;
OA09;12;Waypoint;80,1;4;0;2216;1209;False;True;SecondaryView;181,3508;3;45;6;2;
OA09;12;Waypoint;80,2;4;0;2216;1209;False;True;SecondaryView;181,3508;3;45;6;2;
OA09;12;Waypoint;80,3;4;0;2216;1209;False;True;SecondaryView;181,3508;3;45;6;2;
OA09;12;Waypoint;80,4;4;0;2216;1209;False;True;SecondaryView;181,3508;3;45;6;2;
OA09;12;Waypoint;80,5;4;0;2216;1209;False;True;SecondaryView;181,3508;3;46;6;2;
OA09;12;Waypoint;80,6;4;0;2216;1209;False;True;MainView;181,3508;3;46;6;2;
OA09;12;Waypoint;80,7;4;0;2216;1209;False;True;MainView;181,3508;3;46;6;2;
OA09;12;Waypoint;80,8;4;0;2216;1209;False;True;MainView;181,3508;3;46;6;2;
OA09;12;Waypoint;80,9;4;0;2216;1209;False;True;MainView;181,3508;3;46;6;2;
OA09;12;Waypoint;81,0;4;0;2216;1209;False;True;MainView;181,3508;3;46;6;2;
OA09;12;Waypoint;81,1;4;0;2216;1209;False;True;MainView;181,3508;3;46;6;2;
OA09;12;Waypoint;81,2;4;0;2216;1209;False;True;MainView;181,3508;3;46;6;2;
OA09;12;Waypoint;81,3;4;0;2216;1209;False;True;MainView;181,3508;3;46;6;2;
OA09;12;Waypoint;81,4;4;0;2216;1209;False;True;MainView;181,3508;3;46;6;2;
OA09;12;Waypoint;81,5;4;0;2216;1209;False;True;MainView;181,3508;3;46;6;2;
OA09;12;Waypoint;81,6;4;0;2216;1209;False;True;MainView;181,3508;3;46;6;2;
OA09;12;Waypoint;81,7;4;0;2202;1199;False;True;MainView;181,822;3;46;6;2;
OA09;12;Waypoint;81,8;4;0;2202;1199;False;True;MainView;181,929;3;46;6;2;
OA09;12;Waypoint;81,9;4;0;2202;1199;False;True;MainView;181,929;3;46;6;2;
OA09;12;Waypoint;82,0;4;0;2202;1199;False;True;MainView;181,929;3;46;6;2;
OA09;12;Waypoint;82,1;4;0;2202;1199;False;True;MainView;181,929;3;46;6;2;
OA09;12;Waypoint;82,2;4;0;2199;1196;False;True;MainView;182,0896;3;46;6;2;
OA09;12;Waypoint;82,3;4;0;2199;1196;False;True;MainView;182,0896;3;46;6;2;
OA09;12;Waypoint;82,4;4;0;2199;1196;False;True;MainView;182,0896;3;46;6;2;
OA09;12;Waypoint;82,5;4;0;2199;1196;False;True;MainView;182,0896;3;46;6;2;
OA09;12;Waypoint;82,6;4;0;2199;1196;False;True;MainView;182,0896;3;46;6;2;
OA09;12;Waypoint;82,7;4;0;2199;1196;False;True;MainView;182,0896;3;46;6;2;
OA09;12;Waypoint;82,8;4;0;2199;1196;False;True;SecondaryView;182,0896;3;46;6;2;
OA09;12;Waypoint;82,9;4;0;2199;1196;False;True;SecondaryView;182,0896;3;46;6;2;
OA09;12;Waypoint;83,0;4;0;2199;1196;False;True;SecondaryView;182,0896;3;46;6;2;
OA09;12;Waypoint;83,1;4;0;2199;1196;False;True;SecondaryView;182,0896;3;46;6;2;
OA09;12;Waypoint;83,2;4;0;2199;1196;False;True;SecondaryView;182,0896;3;47;6;2;
OA09;12;Waypoint;83,3;4;0;2195;1192;False;True;SecondaryView;182,3036;3;47;6;2;
OA09;12;Waypoint;83,4;4;0;2195;1192;False;True;SecondaryView;182,3036;3;47;6;2;
OA09;12;Waypoint;83,5;4;0;2195;1192;False;True;SecondaryView;182,3036;3;47;6;2;
OA09;12;Waypoint;83,6;4;0;2195;1192;False;True;MainView;182,3036;3;47;6;2;
OA09;12;Waypoint;83,7;4;0;2195;1192;False;True;MainView;182,3036;3;47;6;2;
OA09;12;Waypoint;83,8;4;0;2195;1192;False;True;MainView;182,3036;3;47;6;2;
OA09;12;Waypoint;83,9;4;0;2195;1192;False;True;MainView;182,3036;3;47;6;2;
OA09;12;Waypoint;84,0;4;0;2195;1192;False;True;MainView;182,3036;3;47;6;2;
OA09;12;Waypoint;84,1;4;0;2195;1192;False;True;MainView;182,3036;3;47;6;2;
OA09;12;Waypoint;84,2;4;0;2195;1192;False;True;MainView;182,3036;3;47;6;2;
OA09;12;Waypoint;84,3;4;0;2195;1192;False;True;SecondaryView;182,3036;3;47;6;2;
OA09;12;Waypoint;84,4;4;0;2195;1192;False;True;SecondaryView;182,3036;3;47;6;2;
OA09;12;Waypoint;84,5;4;0;2195;1192;False;True;SecondaryView;182,3036;3;47;6;2;
OA09;12;Waypoint;84,6;4;0;2192;1192;False;True;SecondaryView;182,3839;3;47;6;2;
OA09;12;Waypoint;84,7;4;0;2192;1192;False;True;SecondaryView;182,3839;3;47;6;2;
OA09;12;Waypoint;84,8;4;0;2192;1192;False;True;SecondaryView;182,3839;3;47;6;2;
OA09;12;Waypoint;84,9;4;0;2185;1189;False;True;SecondaryView;182,5979;3;47;6;2;
OA09;12;Waypoint;85,0;4;0;2185;1189;False;True;SecondaryView;182,5979;3;47;6;2;
OA09;12;Waypoint;85,1;4;0;2185;1189;False;True;SecondaryView;182,5979;3;48;6;2;
OA09;12;Waypoint;85,2;4;0;2185;1189;False;True;SecondaryView;182,5979;3;48;6;2;
OA09;12;Waypoint;85,3;4;0;2185;1189;False;True;SecondaryView;182,5979;3;48;6;2;
OA09;12;Waypoint;85,4;4;0;2185;1189;False;True;SecondaryView;182,5979;3;48;6;2;
OA09;12;Waypoint;85,5;4;0;2185;1189;False;True;SecondaryView;182,5979;3;48;6;2;
OA09;12;Waypoint;85,6;4;0;2185;1189;False;True;SecondaryView;182,5979;3;48;6;2;
OA09;12;Waypoint;85,7;4;0;2185;1189;False;True;SecondaryView;182,5979;3;48;6;2;
OA09;12;Waypoint;85,8;4;0;2185;1189;False;True;SecondaryView;182,5979;3;48;6;2;
OA09;12;Waypoint;85,9;4;0;2185;1189;False;True;SecondaryView;182,5979;3;48;6;2;
OA09;12;Waypoint;86,0;4;0;2181;1185;False;True;MainView;182,7492;3;48;6;2;
OA09;12;Waypoint;86,1;4;0;2181;1185;False;True;MainView;182,7492;3;48;6;2;
OA09;12;Waypoint;86,2;4;0;2181;1185;False;True;SecondaryView;182,7492;3;48;6;2;
OA09;12;Waypoint;86,3;4;0;2181;1185;False;True;SecondaryView;182,7492;3;48;6;2;
OA09;12;Waypoint;86,4;4;0;2181;1192;False;True;SecondaryView;182,9365;3;48;6;2;
OA09;12;Waypoint;86,5;4;0;2181;1206;False;True;SecondaryView;183,311;3;48;6;2;
OA09;12;Waypoint;86,6;4;0;2184;1209;False;True;SecondaryView;183,4715;3;48;6;2;
OA09;12;Waypoint;86,7;4;0;2184;1213;False;True;SecondaryView;183,5786;3;49;6;2;
OA09;12;Waypoint;86,8;4;0;2184;1213;False;True;SecondaryView;183,5786;3;49;6;2;
OA09;12;Waypoint;86,9;4;0;2184;1213;False;True;SecondaryView;183,5786;3;49;6;2;
OA09;12;Waypoint;87,0;4;0;2184;1213;False;True;SecondaryView;183,5786;3;49;6;2;
OA09;12;Waypoint;87,1;4;0;2184;1213;False;True;MainView;183,5786;3;49;6;2;
OA09;12;Waypoint;87,2;4;0;2184;1213;False;True;MainView;183,5786;3;49;6;2;
OA09;12;Waypoint;87,3;4;0;2184;1213;False;True;MainView;183,5786;3;49;6;2;
OA09;12;Waypoint;87,4;4;0;2184;1213;False;True;SecondaryView;183,5786;3;49;6;2;
OA09;12;Waypoint;87,5;4;0;2184;1213;False;True;SecondaryView;183,5786;3;49;6;2;
OA09;12;Waypoint;87,6;4;0;2184;1213;False;True;SecondaryView;183,5786;3;49;6;2;
OA09;12;Waypoint;87,7;4;0;2184;1213;False;True;SecondaryView;183,5786;3;49;6;2;
OA09;12;Waypoint;87,8;4;0;2184;1213;False;True;MainView;183,5786;3;49;6;2;
OA09;12;Waypoint;87,9;4;0;2184;1213;False;True;MainView;183,5786;3;49;6;2;
OA09;12;Waypoint;88,0;4;0;2184;1213;False;True;MainView;183,5786;3;49;6;2;
OA09;12;Waypoint;88,1;4;0;2184;1213;False;True;MainView;183,5786;3;49;6;2;
OA09;12;Waypoint;88,2;4;0;2184;1213;False;True;MainView;183,5786;3;49;6;2;
OA09;12;Waypoint;88,3;4;0;2184;1213;False;True;MainView;183,5786;3;49;6;2;
OA09;12;Waypoint;88,4;4;0;2184;1213;False;True;MainView;183,5786;3;49;6;2;
OA09;12;Waypoint;88,5;4;0;2184;1213;False;True;MainView;183,5786;3;49;6;2;
OA09;12;Waypoint;88,6;4;0;2184;1213;False;True;MainView;183,5786;3;49;6;2;
OA09;12;Waypoint;88,7;4;0;2184;1213;False;True;MainView;183,5786;3;49;6;2;
OA09;12;Waypoint;88,8;4;0;2184;1213;False;True;SecondaryView;183,5786;3;50;6;2;
OA09;12;Waypoint;88,9;4;0;2184;1213;False;True;MainView;183,5786;3;50;6;2;
OA09;12;Waypoint;89,0;4;0;2184;1213;False;True;MainView;183,5786;3;50;6;2;
OA09;12;Waypoint;89,1;4;0;2184;1213;False;True;MainView;183,5786;3;50;6;2;
OA09;12;Waypoint;89,2;4;0;2184;1213;False;True;MainView;183,5786;3;50;6;2;
OA09;12;Waypoint;89,3;4;0;2184;1213;False;True;MainView;183,5786;3;50;6;2;
OA09;12;Waypoint;89,4;4;0;2184;1213;False;True;MainView;183,5786;3;50;6;2;
OA09;12;Waypoint;89,5;4;0;2184;1213;False;True;MainView;183,5786;3;50;6;2;
OA09;12;Waypoint;89,6;4;0;2184;1213;False;True;MainView;183,5786;3;50;6;2;
OA09;12;Waypoint;89,7;4;0;2184;1213;False;True;MainView;183,5786;3;50;6;2;
OA09;12;Waypoint;89,8;4;0;2184;1213;False;True;MainView;183,5786;3;50;6;2;
OA09;12;Waypoint;89,9;4;0;2184;1213;False;True;MainView;183,5786;3;50;6;2;
OA09;12;Waypoint;90,0;4;0;2184;1213;False;True;MainView;183,5786;3;50;6;2;
OA09;12;Waypoint;90,1;4;0;2184;1213;False;True;SecondaryView;183,5786;3;50;6;2;
OA09;12;Waypoint;90,2;4;0;2184;1213;False;True;SecondaryView;183,5786;3;50;6;2;
OA09;12;Waypoint;90,3;4;0;2184;1213;False;True;SecondaryView;183,5786;3;50;6;2;
OA09;12;Waypoint;90,4;4;0;2184;1213;False;True;SecondaryView;183,5786;3;50;6;2;
OA09;12;Waypoint;90,5;4;0;2184;1213;False;True;SecondaryView;183,5786;3;51;6;2;
OA09;12;Waypoint;90,6;4;0;2184;1213;False;True;SecondaryView;183,5786;3;51;6;2;
OA09;12;Waypoint;90,7;4;0;2184;1213;False;True;SecondaryView;183,5786;3;51;6;2;
OA09;12;Waypoint;90,8;4;0;2184;1213;False;True;SecondaryView;183,5786;3;51;6;2;
OA09;12;Waypoint;90,9;4;0;2184;1213;False;True;MainView;183,5786;3;51;6;2;
OA09;12;Waypoint;91,0;4;0;2184;1213;False;True;MainView;183,5786;3;51;6;2;
OA09;12;Waypoint;91,1;4;0;2184;1213;False;True;MainView;183,5786;3;51;6;2;
OA09;12;Waypoint;91,2;4;0;2184;1213;False;True;MainView;183,5786;3;51;6;2;
OA09;12;Waypoint;91,3;4;0;2184;1213;False;True;MainView;183,5786;3;51;6;2;
OA09;12;Waypoint;91,4;4;0;2184;1213;False;True;MainView;183,5786;3;51;6;2;
OA09;12;Waypoint;91,5;4;0;2184;1213;False;True;MainView;183,5786;3;51;6;2;
OA09;12;Waypoint;91,6;4;0;2184;1213;False;True;MainView;183,5786;3;51;6;2;
OA09;12;Waypoint;91,7;4;0;2184;1213;False;True;SecondaryView;183,5786;3;51;6;2;
OA09;12;Waypoint;91,8;4;0;2184;1213;False;True;MainView;183,5786;3;51;6;2;
OA09;12;Waypoint;91,9;4;0;2184;1213;False;True;MainView;183,5786;3;51;6;2;
OA09;12;Waypoint;92,0;4;0;2184;1213;False;True;MainView;183,5786;3;51;6;2;
OA09;12;Waypoint;92,1;4;0;2184;1213;False;True;MainView;183,5786;3;51;6;2;
OA09;12;Waypoint;92,2;4;0;2184;1213;False;True;MainView;183,5786;3;51;6;2;
OA09;12;Waypoint;92,3;4;0;2184;1213;False;True;MainView;183,5786;3;51;6;2;
OA09;12;Waypoint;92,4;4;0;2184;1216;False;True;SecondaryView;183,6588;3;51;6;2;
OA09;12;Waypoint;92,5;4;0;2184;1220;False;True;SecondaryView;183,7658;3;51;6;2;
OA09;12;Waypoint;92,6;4;0;2184;1220;False;True;SecondaryView;183,7658;3;51;6;2;
OA09;12;Waypoint;92,7;4;0;2184;1220;False;True;SecondaryView;183,7658;3;51;6;2;
OA09;12;Waypoint;92,8;4;0;2184;1220;False;True;SecondaryView;183,7658;3;51;6;2;
OA09;12;Waypoint;92,9;4;0;2184;1220;False;True;SecondaryView;183,7658;3;51;6;2;
OA09;12;Waypoint;93,0;4;0;2184;1220;False;True;SecondaryView;183,7658;3;52;6;2;
OA09;12;Waypoint;93,1;4;0;2184;1220;False;True;SecondaryView;183,7658;3;52;6;2;
OA09;12;Waypoint;93,2;4;0;2184;1220;False;True;SecondaryView;183,7658;3;52;6;2;
OA09;12;Waypoint;93,3;4;0;2184;1220;False;True;SecondaryView;183,7658;3;52;6;2;
OA09;12;Waypoint;93,4;4;0;2184;1220;False;True;SecondaryView;183,7658;3;52;6;2;
OA09;12;Waypoint;93,5;4;0;2184;1220;False;True;SecondaryView;183,7658;3;52;6;2;
OA09;12;Waypoint;93,6;4;0;2174;1199;False;True;SecondaryView;184,4855;3;52;6;2;
OA09;12;Waypoint;93,7;4;0;2174;1175;False;True;SecondaryView;185,2243;3;52;6;2;
OA09;12;Waypoint;93,8;4;0;2174;1171;False;True;SecondaryView;185,3313;3;52;6;2;
OA09;12;Waypoint;93,9;4;0;2177;1171;False;True;SecondaryView;185,4115;3;52;6;2;
OA09;12;Waypoint;94,0;4;0;2177;1171;False;True;MainView;185,4115;3;53;6;2;
OA09;12;Waypoint;94,1;4;0;2177;1188;False;True;MainView;185,8663;3;53;6;2;
OA09;12;Waypoint;94,2;4;0;2167;1216;False;True;SecondaryView;186,7289;3;53;6;2;
OA09;12;Waypoint;94,3;4;0;2164;1234;False;True;SecondaryView;187,2437;3;53;6;2;
OA09;12;Waypoint;94,4;4;0;2160;1248;False;True;SecondaryView;187,6626;3;53;6;2;
OA09;12;Waypoint;94,5;4;0;2160;1258;False;True;SecondaryView;187,9301;3;53;6;2;
OA09;12;Waypoint;94,6;4;0;2160;1258;False;True;SecondaryView;187,9301;3;53;6;2;
OA09;12;Waypoint;94,7;4;0;2160;1258;False;True;SecondaryView;187,9301;3;53;6;2;
OA09;12;Waypoint;94,8;4;0;2160;1258;False;True;SecondaryView;187,9301;3;53;6;2;
OA09;12;Waypoint;94,9;4;0;2160;1227;False;True;SecondaryView;188,7594;3;53;6;2;
OA09;12;Waypoint;95,0;4;0;2160;1220;False;True;SecondaryView;188,9467;3;53;6;2;
OA09;12;Waypoint;95,1;4;0;2160;1220;False;True;SecondaryView;188,9467;3;53;6;2;
OA09;12;Waypoint;95,2;4;0;2163;1234;False;True;SecondaryView;189,348;3;53;6;2;
OA09;12;Waypoint;95,3;4;0;2163;1237;False;True;SecondaryView;189,4283;3;53;6;2;
OA09;12;Waypoint;95,4;4;0;2163;1237;False;True;SecondaryView;189,4283;3;53;6;2;
OA09;12;Waypoint;95,5;4;0;2163;1237;False;True;SecondaryView;189,4283;3;54;6;2;
OA09;12;Waypoint;95,6;4;0;2163;1237;False;True;MainView;189,4283;3;54;6;2;
OA09;12;Waypoint;95,7;4;0;2163;1237;False;True;MainView;189,4283;3;54;6;2;
OA09;12;Waypoint;95,8;4;0;2163;1237;False;True;MainView;189,4283;3;54;6;2;
OA09;12;Waypoint;95,9;4;0;2163;1231;False;True;MainView;189,5888;3;54;6;2;
OA09;12;Waypoint;96,0;4;0;2170;1220;False;True;MainView;189,9541;3;54;6;2;
OA09;12;Waypoint;96,1;4;0;2170;1220;False;True;SecondaryView;189,9541;3;55;6;2;
OA09;12;Waypoint;96,2;4;0;2170;1220;False;True;SecondaryView;189,9541;3;55;6;2;
OA09;12;Waypoint;96,3;4;0;2170;1220;False;True;MainView;189,9541;3;55;6;2;
OA09;12;Waypoint;96,4;4;0;2170;1220;False;True;MainView;189,9541;3;55;6;2;
OA09;12;Waypoint;96,5;4;0;2170;1220;False;True;MainView;189,9541;3;55;6;2;
OA09;12;Waypoint;96,6;4;0;2170;1220;False;True;MainView;189,9541;3;55;6;2;
OA09;12;Waypoint;96,7;4;0;2170;1220;False;True;MainView;189,9541;3;55;6;2;
OA09;12;Waypoint;96,8;4;0;2170;1220;False;True;MainView;189,9541;3;55;6;2;
OA09;12;Waypoint;96,9;4;0;2170;1220;False;True;MainView;189,9541;3;55;6;2;
OA09;12;Waypoint;97,0;4;0;2170;1213;False;True;MainView;190,1414;3;55;6;2;
OA09;12;Waypoint;97,1;4;0;2170;1213;False;True;MainView;190,1414;3;55;6;2;
OA09;12;Waypoint;97,2;4;0;2170;1213;False;True;MainView;190,1414;3;55;6;2;
OA09;12;Waypoint;97,3;4;0;2170;1213;False;True;MainView;190,1414;3;55;6;2;
OA09;12;Waypoint;97,4;4;0;2170;1213;False;True;MainView;190,1414;3;55;6;2;
OA09;12;Waypoint;97,5;4;0;2170;1213;False;True;MainView;190,1414;3;55;6;2;
OA09;12;Waypoint;97,6;4;0;2170;1213;False;True;SecondaryView;190,1414;3;55;6;2;
OA09;12;Waypoint;97,7;4;0;2170;1213;False;True;SecondaryView;190,1414;3;55;6;2;
OA09;12;Waypoint;97,8;4;0;2170;1213;False;True;MainView;190,1414;3;55;6;2;
OA09;12;Waypoint;97,9;4;0;2174;1216;False;True;MainView;190,3287;3;55;6;2;
OA09;12;Waypoint;98,0;4;0;2177;1220;False;True;MainView;190,5159;3;55;6;2;
OA09;12;Waypoint;98,1;4;0;2177;1220;False;True;MainView;190,5159;3;55;6;2;
OA09;12;Waypoint;98,2;4;0;2177;1220;False;True;MainView;190,5159;3;55;6;2;
OA09;12;Waypoint;98,3;4;0;2177;1220;False;True;MainView;190,5159;3;55;6;2;
OA09;12;Waypoint;98,4;4;0;2177;1220;False;True;MainView;190,5159;3;55;6;2;
OA09;12;Waypoint;98,5;4;0;2177;1220;False;True;SecondaryView;190,5159;3;55;6;2;
OA09;12;Waypoint;98,6;4;0;2177;1220;False;True;SecondaryView;190,5159;3;55;6;2;
OA09;12;Waypoint;98,7;4;0;2177;1220;False;True;SecondaryView;190,5159;3;55;6;2;
OA09;12;Waypoint;98,8;4;0;2177;1220;False;True;SecondaryView;190,5159;3;55;6;2;
OA09;12;Waypoint;98,9;4;0;2164;1213;False;True;SecondaryView;190,9505;3;55;6;2;
OA09;12;Waypoint;99,0;4;0;2160;1213;False;True;SecondaryView;191,0575;3;55;6;2;
OA09;12;Waypoint;99,1;4;0;2160;1213;False;True;SecondaryView;191,0575;3;55;6;2;
OA09;12;Waypoint;99,2;4;0;2160;1213;False;True;SecondaryView;191,0575;3;55;6;2;
OA09;12;Waypoint;99,3;4;0;2160;1213;False;True;SecondaryView;191,0575;3;56;6;2;
OA09;12;Waypoint;99,4;4;0;2160;1213;False;True;SecondaryView;191,0575;3;56;6;2;
OA09;12;Waypoint;99,5;4;0;2160;1213;False;True;SecondaryView;191,0575;3;56;6;2;
OA09;12;Waypoint;99,6;4;0;2160;1213;False;True;SecondaryView;191,0575;3;56;6;2;
OA09;12;Waypoint;99,7;4;0;2160;1213;False;True;SecondaryView;191,0575;3;56;6;2;
OA09;12;Waypoint;99,8;4;0;2170;1213;False;True;SecondaryView;191,325;3;56;6;2;
OA09;12;Waypoint;99,9;4;0;2170;1213;False;True;SecondaryView;191,325;3;56;6;2;
OA09;12;Waypoint;100,0;4;0;2170;1213;False;True;SecondaryView;191,325;3;56;6;2;
OA09;12;Waypoint;100,1;4;0;2170;1213;False;True;SecondaryView;191,325;3;56;7;2;
OA09;12;Waypoint;100,2;4;0;2170;1213;False;True;MainView;191,325;3;56;7;2;
OA09;12;Waypoint;100,3;4;0;2170;1213;False;True;MainView;191,325;3;56;7;2;
OA09;12;Waypoint;100,4;4;0;2170;1213;False;True;MainView;191,325;3;56;7;2;
OA09;12;Waypoint;100,5;4;0;2170;1213;False;True;SecondaryView;191,325;3;56;7;2;
OA09;12;Waypoint;100,6;4;0;2170;1213;False;True;SecondaryView;191,325;3;56;7;2;
OA09;12;Waypoint;100,7;4;0;2170;1213;False;True;SecondaryView;191,325;3;56;7;2;
OA09;12;Waypoint;100,8;4;0;2170;1213;False;True;SecondaryView;191,325;3;56;7;2;
OA09;12;Waypoint;100,9;4;0;2170;1213;False;True;SecondaryView;191,325;3;56;7;2;
OA09;12;Waypoint;101,0;4;0;2170;1213;False;True;SecondaryView;191,325;3;56;7;2;
OA09;12;Waypoint;101,1;4;0;2170;1213;False;True;SecondaryView;191,325;3;56;7;2;
OA09;12;Waypoint;101,2;4;0;2170;1213;False;True;SecondaryView;191,325;3;56;7;2;
OA09;12;Waypoint;101,3;4;0;2170;1213;False;True;SecondaryView;191,325;3;56;7;2;
OA09;12;Waypoint;101,4;4;0;2170;1213;False;True;SecondaryView;191,325;3;56;7;2;
OA09;12;Waypoint;101,5;4;0;2170;1213;False;True;SecondaryView;191,325;3;56;7;2;
OA09;12;Waypoint;101,6;4;0;2170;1213;False;True;SecondaryView;191,325;3;57;7;2;
OA09;12;Waypoint;101,7;4;0;2170;1213;False;True;SecondaryView;191,325;3;57;7;2;
OA09;12;Waypoint;101,8;4;0;2170;1213;False;True;SecondaryView;191,325;3;57;7;2;
OA09;12;Waypoint;101,9;4;0;2170;1213;False;True;SecondaryView;191,325;3;57;7;2;
OA09;12;Waypoint;102,0;4;0;2170;1213;False;True;SecondaryView;191,325;3;57;7;2;
OA09;12;Waypoint;102,1;4;0;2170;1213;False;True;SecondaryView;191,325;3;57;7;2;
OA09;12;Waypoint;102,2;4;0;2170;1213;False;True;SecondaryView;191,325;3;57;7;2;
OA09;12;Waypoint;102,3;4;0;2170;1213;False;True;SecondaryView;191,325;3;57;7;2;
OA09;12;Waypoint;102,4;4;0;2164;1213;False;True;SecondaryView;191,4855;3;57;7;2;
OA09;12;Waypoint;102,5;4;0;2164;1213;False;True;SecondaryView;191,4855;3;57;7;2;
OA09;12;Waypoint;102,6;4;0;2164;1213;False;True;SecondaryView;191,4855;3;57;7;2;
OA09;12;Waypoint;102,7;4;0;2164;1213;False;True;SecondaryView;191,4855;3;57;7;2;
OA09;12;Waypoint;102,8;4;0;2164;1213;False;True;SecondaryView;191,4855;3;58;7;2;
OA09;12;Waypoint;102,9;4;0;2164;1213;False;True;SecondaryView;191,4855;3;58;7;2;
OA09;12;Waypoint;103,0;4;0;2164;1213;False;True;SecondaryView;191,4855;3;58;7;2;
OA09;12;Waypoint;103,1;4;0;2164;1213;False;True;SecondaryView;191,4855;3;58;7;2;
OA09;12;Waypoint;103,2;4;0;2164;1213;False;True;SecondaryView;191,4855;3;58;7;2;
OA09;12;Waypoint;103,3;4;0;2170;1213;False;True;SecondaryView;191,6461;3;58;7;2;
OA09;12;Waypoint;103,4;4;0;2170;1213;False;True;SecondaryView;191,6461;3;58;7;2;
OA09;12;Waypoint;103,5;4;0;2170;1213;False;True;SecondaryView;191,6461;3;58;8;2;
OA09;12;Waypoint;103,6;4;0;2174;1213;False;True;SecondaryView;191,7531;3;58;8;2;
OA09;12;Waypoint;103,7;4;0;2177;1216;False;True;SecondaryView;191,9136;3;58;8;2;
OA09;12;Waypoint;103,8;4;0;2177;1216;False;True;SecondaryView;191,9136;3;59;8;2;
OA09;12;Waypoint;103,9;4;0;2177;1216;False;True;SecondaryView;191,9136;3;59;8;2;
OA09;12;Waypoint;104,0;4;0;2184;1206;False;True;SecondaryView;192,1276;3;59;8;2;
OA09;12;Waypoint;104,1;4;0;2191;1136;False;True;SecondaryView;194,1575;3;59;8;2;
OA09;12;Waypoint;104,2;4;0;2191;1073;False;True;SecondaryView;195,5486;3;59;8;2;
OA09;12;Waypoint;104,3;4;0;2181;1017;False;True;SecondaryView;197,2572;3;59;8;2;
OA09;12;Waypoint;104,4;4;0;2174;1000;False;True;SecondaryView;197,95;3;59;8;2;
OA09;12;Waypoint;104,5;4;0;2171;996;False;True;SecondaryView;198,0838;3;59;8;2;
OA09;12;Waypoint;104,6;4;0;2174;996;False;True;SecondaryView;198,164;3;60;8;2;
OA09;12;Waypoint;104,7;4;0;2198;993;False;True;SecondaryView;198,8329;3;60;8;2;
OA09;12;Waypoint;104,8;4;0;2198;993;False;True;SecondaryView;198,8329;3;60;8;2;
OA09;12;Waypoint;104,9;4;0;2198;993;False;True;SecondaryView;198,8329;3;60;8;2;
OA09;12;Waypoint;105,0;4;0;2198;993;False;True;SecondaryView;198,8329;3;60;8;2;
OA09;12;Waypoint;105,1;4;0;2185;947;False;True;SecondaryView;200,1381;3;60;8;2;
OA09;12;Waypoint;105,2;4;0;2178;905;False;True;SecondaryView;201,3065;3;60;8;2;
OA09;12;Waypoint;105,3;4;0;2174;877;False;True;SecondaryView;202,1;3;60;8;2;
OA09;12;Waypoint;105,4;4;0;2174;870;False;True;SecondaryView;202,2872;3;60;8;2;
OA09;12;Waypoint;105,5;4;0;2181;863;False;True;SecondaryView;202,6618;3;60;8;2;
OA09;12;Waypoint;105,6;4;0;2188;860;False;True;SecondaryView;202,9293;3;61;8;2;
OA09;12;Waypoint;105,7;4;0;2198;856;False;True;SecondaryView;203,2503;3;61;8;2;
OA09;12;Waypoint;105,8;4;0;2205;856;False;True;SecondaryView;203,4376;3;61;8;2;
OA09;12;Waypoint;105,9;4;0;2205;856;False;True;SecondaryView;203,4376;3;61;8;2;
OA09;12;Waypoint;106,0;4;0;2205;856;False;True;SecondaryView;203,4376;3;61;8;2;
OA09;12;Waypoint;106,1;4;0;2205;856;False;True;SecondaryView;203,4376;3;61;8;2;
OA09;12;Waypoint;106,2;4;0;2205;856;False;True;SecondaryView;203,4376;3;61;8;2;
OA09;12;Waypoint;106,3;4;0;2205;856;False;True;SecondaryView;203,4376;3;61;8;2;
OA09;12;Waypoint;106,4;4;0;2205;856;False;True;SecondaryView;203,4376;3;61;8;2;
OA09;12;Waypoint;106,5;4;0;2205;856;False;True;SecondaryView;203,4376;3;61;8;2;
OA09;12;Waypoint;106,6;4;0;2209;866;False;True;SecondaryView;203,7051;3;61;8;2;
OA09;12;Waypoint;106,7;4;0;2212;894;False;True;SecondaryView;204,5142;3;61;8;2;
OA09;12;Waypoint;106,8;4;0;2212;922;False;True;SecondaryView;205,3436;3;61;8;2;
OA09;12;Waypoint;106,9;4;0;2212;964;False;True;SecondaryView;206,2799;3;61;8;2;
OA09;12;Waypoint;107,0;4;0;2212;1006;False;True;SecondaryView;207,4035;3;61;8;2;
OA09;12;Waypoint;107,1;4;0;2212;1055;False;True;SecondaryView;208,8214;3;61;8;2;
OA09;12;Waypoint;107,2;4;0;2212;1062;False;True;SecondaryView;209,0889;3;61;8;2;
OA09;12;Waypoint;107,3;4;0;2212;1066;False;True;SecondaryView;209,196;3;62;8;2;
OA09;12;Waypoint;107,4;4;0;2212;1066;False;True;SecondaryView;209,196;3;62;8;2;
OA09;12;Waypoint;107,5;4;0;2212;1066;False;True;SecondaryView;209,196;3;62;8;2;
OA09;12;Waypoint;107,6;4;0;2212;1066;False;True;SecondaryView;209,196;3;62;8;2;
OA09;12;Waypoint;107,7;4;0;2212;1066;False;True;SecondaryView;209,196;3;62;8;2;
OA09;12;Waypoint;107,8;4;0;2212;1066;False;True;SecondaryView;209,196;3;62;8;2;
OA09;12;Waypoint;107,9;4;0;2212;1066;False;True;SecondaryView;209,196;3;62;8;2;
OA09;12;Waypoint;108,0;4;0;2219;1097;False;True;SecondaryView;210,0953;3;62;8;2;
OA09;12;Waypoint;108,1;4;0;2219;1122;False;True;SecondaryView;210,7641;3;62;8;2;
OA09;12;Waypoint;108,2;4;0;2219;1143;False;True;SecondaryView;211,3259;3;62;8;2;
OA09;12;Waypoint;108,3;4;0;2219;1157;False;True;SecondaryView;211,7004;3;62;8;2;
OA09;12;Waypoint;108,4;4;0;2216;1164;False;True;SecondaryView;211,968;3;62;8;2;
OA09;12;Waypoint;108,5;4;0;2216;1171;False;True;SecondaryView;212,1552;3;62;8;2;
OA09;12;Waypoint;108,6;4;0;2216;1171;False;True;SecondaryView;212,1552;3;62;8;2;
OA09;12;Waypoint;108,7;4;0;2216;1192;False;True;SecondaryView;212,61;3;62;8;2;
OA09;12;Waypoint;108,8;4;0;2213;1216;False;True;SecondaryView;213,3924;3;62;8;2;
OA09;12;Waypoint;108,9;4;0;2213;1220;False;True;SecondaryView;213,4994;3;62;8;2;
OA09;12;Waypoint;109,0;4;0;2209;1220;False;True;SecondaryView;213,6064;3;62;8;2;
OA09;12;Waypoint;109,1;4;0;2209;1220;False;True;SecondaryView;213,6064;3;62;8;2;
OA09;12;Waypoint;109,2;4;0;2209;1220;False;True;SecondaryView;213,6064;3;62;8;2;
OA09;12;Waypoint;109,3;4;0;2209;1220;False;True;SecondaryView;213,6064;3;63;8;2;
OA09;12;Waypoint;109,4;4;0;2209;1210;False;True;MainView;213,8739;3;63;8;2;
OA09;12;Waypoint;109,5;4;0;2212;1199;False;True;MainView;214,2485;3;63;8;2;
OA09;12;Waypoint;109,6;4;0;2212;1199;False;True;SecondaryView;214,2485;3;63;8;2;
OA09;12;Waypoint;109,7;4;0;2212;1192;False;True;SecondaryView;214,4357;3;63;8;2;
OA09;12;Waypoint;109,8;4;0;2212;1192;False;True;SecondaryView;214,4357;3;63;8;2;
OA09;12;Waypoint;109,9;4;0;2212;1192;False;True;SecondaryView;214,4357;3;63;8;2;
OA09;12;Waypoint;110,0;4;0;2212;1192;False;True;SecondaryView;214,4357;3;63;8;2;
OA09;12;Waypoint;110,1;4;0;2212;1189;False;True;MainView;214,516;3;63;8;2;
OA09;12;Waypoint;110,2;4;0;2212;1189;False;True;MainView;214,516;3;63;8;2;
OA09;12;Waypoint;110,3;4;0;2212;1189;False;True;MainView;214,516;3;63;8;2;
OA09;12;Waypoint;110,4;4;0;2206;1175;False;True;SecondaryView;214,8267;3;63;8;2;
OA09;12;Waypoint;110,5;4;0;2192;1154;False;True;SecondaryView;215,6556;3;63;8;2;
OA09;12;Waypoint;110,6;4;0;2192;1154;False;True;SecondaryView;215,6556;3;63;8;2;
OA09;12;Waypoint;110,7;4;0;2192;1154;False;True;MainView;215,6556;3;63;8;2;
OA09;12;Waypoint;110,8;4;0;2192;1154;False;True;MainView;215,6556;3;63;8;2;
OA09;12;Waypoint;110,9;4;0;2192;1154;False;True;MainView;215,6556;3;63;8;2;
OA09;12;Waypoint;111,0;4;0;2192;1154;False;True;MainView;215,6556;3;63;8;2;
OA09;12;Waypoint;111,1;4;0;2188;1154;False;True;MainView;215,7626;3;63;8;2;
OA09;12;Waypoint;111,2;4;0;2185;1140;False;True;MainView;216,1704;3;63;8;2;
OA09;12;Waypoint;111,3;4;0;2178;1133;False;True;SecondaryView;216,4352;3;63;8;2;
OA09;12;Waypoint;111,4;4;0;2181;1129;False;True;SecondaryView;216,5155;3;63;8;2;
OA09;12;Waypoint;111,5;4;0;2188;1129;False;True;SecondaryView;216,8098;3;63;8;2;
OA09;12;Waypoint;111,6;4;0;2188;1129;False;True;SecondaryView;216,8098;3;63;8;2;
OA09;12;Waypoint;111,7;4;0;2185;1139;False;True;SecondaryView;217,0773;3;63;8;2;
OA09;12;Waypoint;111,8;4;0;2181;1185;False;True;SecondaryView;218,2293;3;63;8;2;
OA09;12;Waypoint;111,9;4;0;2191;1206;False;True;SecondaryView;219,1454;3;63;8;2;
OA09;12;Waypoint;112,0;4;0;2195;1213;False;True;SecondaryView;219,4397;3;63;8;2;
OA09;12;Waypoint;112,1;4;0;2198;1213;False;True;SecondaryView;219,5199;3;63;8;2;
OA09;12;Waypoint;112,2;4;0;2198;1213;False;True;SecondaryView;219,5199;3;63;8;2;
OA09;12;Waypoint;112,3;4;0;2198;1216;False;True;SecondaryView;219,6002;3;64;8;2;
OA09;12;Waypoint;112,4;4;0;2198;1216;False;True;SecondaryView;219,6002;3;64;8;2;
OA09;12;Waypoint;112,5;4;0;2198;1216;False;True;SecondaryView;219,6002;3;64;8;2;
OA09;12;Waypoint;112,6;4;0;2198;1216;False;True;SecondaryView;219,6002;3;64;8;2;
OA09;12;Waypoint;112,7;4;0;2198;1216;False;True;SecondaryView;219,6002;3;64;8;2;
OA09;12;Waypoint;112,8;4;0;2198;1216;False;True;MainView;219,6002;3;64;8;2;
OA09;12;Waypoint;112,9;4;0;2198;1216;False;True;MainView;219,6002;3;64;8;2;
OA09;12;Waypoint;113,0;4;0;2198;1216;False;True;MainView;219,6002;3;64;8;2;
OA09;12;Waypoint;113,1;4;0;2198;1216;False;True;MainView;219,6002;3;64;8;2;
OA09;12;Waypoint;113,2;4;0;2198;1216;False;True;SecondaryView;219,6002;3;64;8;2;
OA09;12;Waypoint;113,3;4;0;2198;1216;False;True;SecondaryView;219,6002;3;64;8;2;
OA09;12;Waypoint;113,4;4;0;2198;1216;False;True;SecondaryView;219,6002;3;64;8;2;
OA09;12;Waypoint;113,5;4;0;2198;1216;False;True;SecondaryView;219,6002;3;64;8;2;
OA09;12;Waypoint;113,6;4;0;2198;1216;False;True;SecondaryView;219,6002;3;64;8;2;
OA09;12;Waypoint;113,7;4;0;2198;1216;False;True;SecondaryView;219,6002;3;64;8;2;
OA09;12;Waypoint;113,8;4;0;2198;1216;False;True;SecondaryView;219,6002;3;64;8;2;
OA09;12;Waypoint;113,9;4;0;2198;1210;False;True;SecondaryView;219,7607;3;64;8;2;
OA09;12;Waypoint;114,0;4;0;2192;1189;False;True;SecondaryView;220,3825;3;64;8;2;
OA09;12;Waypoint;114,1;4;0;2192;1185;False;True;SecondaryView;220,4895;3;64;8;2;
OA09;12;Waypoint;114,2;4;0;2192;1185;False;True;SecondaryView;220,4895;3;64;8;2;
OA09;12;Waypoint;114,3;4;0;2192;1192;False;True;SecondaryView;220,6768;3;64;8;2;
OA09;12;Waypoint;114,4;4;0;2192;1202;False;True;SecondaryView;220,8641;3;64;8;2;
OA09;12;Waypoint;114,5;4;0;2188;1209;False;True;SecondaryView;221,2386;3;64;8;2;
OA09;12;Waypoint;114,6;4;0;2188;1209;False;True;SecondaryView;221,2386;3;65;8;2;
OA09;12;Waypoint;114,7;4;0;2188;1209;False;True;SecondaryView;221,2386;3;65;8;2;
OA09;12;Waypoint;114,8;4;0;2188;1209;False;True;SecondaryView;221,2386;3;65;8;2;
OA09;12;Waypoint;114,9;4;0;2188;1209;False;True;SecondaryView;221,2386;3;65;8;2;
OA09;12;Waypoint;115,0;4;0;2188;1209;False;True;SecondaryView;221,2386;3;65;8;2;
OA09;12;Waypoint;115,1;4;0;2188;1209;False;True;SecondaryView;221,2386;3;65;8;2;
OA09;12;Waypoint;115,2;4;0;2188;1209;False;True;MainView;221,2386;3;65;8;2;
OA09;12;Waypoint;115,3;4;0;2188;1209;False;True;MainView;221,2386;3;65;8;2;
OA09;12;Waypoint;115,4;4;0;2188;1209;False;True;MainView;221,2386;3;65;8;2;
OA09;12;Waypoint;115,5;4;0;2188;1209;False;True;SecondaryView;221,2386;3;65;8;2;
OA09;12;Waypoint;115,6;4;0;2188;1209;False;True;SecondaryView;221,2386;3;65;8;2;
OA09;12;Waypoint;115,7;4;0;2188;1209;False;True;SecondaryView;221,2386;3;65;8;2;
OA09;12;Waypoint;115,8;4;0;2188;1209;False;True;SecondaryView;221,2386;3;65;8;2;
OA09;12;Waypoint;115,9;4;0;2188;1209;False;True;SecondaryView;221,2386;3;65;8;2;
OA09;12;Waypoint;116,0;4;0;2188;1209;False;True;SecondaryView;221,2386;3;65;8;2;
OA09;12;Waypoint;116,1;4;0;2188;1209;False;True;SecondaryView;221,2386;3;65;8;2;
OA09;12;Waypoint;116,2;4;0;2188;1209;False;True;SecondaryView;221,2386;3;65;8;2;
OA09;12;Waypoint;116,3;4;0;2188;1209;False;True;SecondaryView;221,2386;3;65;8;2;
OA09;12;Waypoint;116,4;4;0;2188;1209;False;True;SecondaryView;221,2386;3;65;8;2;
OA09;12;Waypoint;116,5;4;0;2188;1209;False;True;SecondaryView;221,2386;3;65;8;2;
OA09;12;Waypoint;116,6;4;0;2188;1209;False;True;SecondaryView;221,2386;3;65;8;2;
OA09;12;Waypoint;116,7;4;0;2188;1209;False;True;SecondaryView;221,2386;3;65;8;2;
OA09;12;Waypoint;116,8;4;0;2188;1209;False;True;SecondaryView;221,2386;3;65;8;2;
OA09;12;Waypoint;116,9;4;0;2188;1209;False;True;SecondaryView;221,2386;3;66;8;2;
OA09;12;Waypoint;117,0;4;0;2188;1209;False;True;SecondaryView;221,2386;3;66;8;2;
OA09;12;Waypoint;117,1;4;0;2188;1209;False;True;SecondaryView;221,2386;3;66;8;2;
OA09;12;Waypoint;117,2;4;0;2188;1209;False;True;SecondaryView;221,2386;3;66;8;2;
OA09;12;Waypoint;117,3;4;0;2188;1209;False;True;SecondaryView;221,2386;3;66;8;2;
OA09;12;Waypoint;117,4;4;0;2188;1209;False;True;SecondaryView;221,2386;3;66;8;2;
OA09;12;Waypoint;117,5;4;0;2188;1209;False;True;SecondaryView;221,2386;3;66;8;2;
OA09;12;Waypoint;117,6;4;0;2188;1209;False;True;SecondaryView;221,2386;3;66;8;2;
OA09;12;Waypoint;117,7;4;0;2188;1209;False;True;SecondaryView;221,2386;3;66;8;2;
OA09;12;Waypoint;117,8;4;0;2188;1209;False;True;SecondaryView;221,2386;3;66;8;2;
OA09;12;Waypoint;117,9;4;0;2188;1209;False;True;SecondaryView;221,2386;3;66;8;2;
OA09;12;Waypoint;118,0;4;0;2188;1209;False;True;SecondaryView;221,2386;3;66;8;2;
OA09;12;Waypoint;118,1;4;0;2188;1209;False;True;SecondaryView;221,2386;3;66;8;2;
OA09;12;Waypoint;118,2;4;0;2188;1209;False;True;SecondaryView;221,2386;3;66;8;2;
OA09;12;Waypoint;118,3;4;0;2188;1209;False;True;SecondaryView;221,2386;3;66;8;2;
OA09;12;Waypoint;118,4;4;0;2188;1209;False;True;SecondaryView;221,2386;3;66;8;2;
OA09;12;Waypoint;118,5;4;0;2188;1209;False;True;SecondaryView;221,2386;3;66;8;2;
OA09;12;Waypoint;118,6;4;0;2188;1209;False;True;SecondaryView;221,2386;3;66;8;2;
OA09;12;Waypoint;118,7;4;0;2188;1209;False;True;SecondaryView;221,2386;3;67;8;2;
OA09;12;Waypoint;118,8;4;0;2188;1209;False;True;SecondaryView;221,2386;3;67;8;2;
OA09;12;Waypoint;118,9;4;0;2188;1209;False;True;SecondaryView;221,2386;3;67;8;2;
OA09;12;Waypoint;119,0;4;0;2188;1209;False;True;SecondaryView;221,2386;3;67;8;2;
OA09;12;Waypoint;119,1;4;0;2188;1209;False;True;SecondaryView;221,2386;3;67;8;2;
OA09;12;Waypoint;119,2;4;0;2188;1209;False;True;MainView;221,2386;3;67;8;2;
OA09;12;Waypoint;119,3;4;0;2188;1209;False;True;MainView;221,2386;3;67;8;2;
OA09;12;Waypoint;119,4;4;0;2188;1199;False;True;MainView;221,5061;3;67;8;2;
OA09;12;Waypoint;119,5;4;0;2188;1199;False;True;MainView;221,5061;3;67;8;2;
OA09;12;Waypoint;119,6;4;0;2188;1199;False;True;MainView;221,5061;3;67;8;2;
OA09;12;Waypoint;119,7;4;0;2188;1196;False;True;MainView;221,5864;3;67;8;2;
OA09;12;Waypoint;119,8;4;0;2188;1182;False;True;SecondaryView;221,961;3;67;8;2;
OA09;12;Waypoint;119,9;4;0;2178;1157;False;True;SecondaryView;222,7182;3;67;8;2;
