userID;scenarioID;controlMode;elapsedTimeSinceAccess;activeRequests;succeededRequests;mousePositionX;mousePositionY;usingMultiView;usingSingleViewMain;EyeGazeArea;mouseClickLeft;mouseClickRight;pressLeftCtrl;pressShift;
DB06;-3;Waypoint;0,0;2;0;1507;694;False;False;None;0;0;0;0;
DB06;-3;Waypoint;0,1;2;0;1430;621;False;False;None;1;0;0;0;
DB06;-3;Waypoint;0,2;2;0;1430;621;False;False;None;1;0;0;0;
DB06;-3;Waypoint;0,3;2;0;1420;611;False;False;None;1;0;0;0;
DB06;-3;Waypoint;0,4;2;0;990;638;False;False;None;1;0;0;0;
DB06;-3;Waypoint;0,5;2;0;996;680;False;False;None;1;0;0;0;
DB06;-3;Waypoint;0,6;2;0;762;869;False;False;None;1;0;0;0;
DB06;-3;Waypoint;0,7;2;0;300;1124;False;False;None;1;0;0;0;
DB06;-3;Waypoint;0,8;2;0;286;1124;False;False;None;1;0;0;0;
DB06;-3;Waypoint;0,9;2;0;248;1170;False;False;None;1;0;0;0;
DB06;-3;Waypoint;1,0;2;0;220;1184;False;False;None;1;0;0;0;
DB06;-3;Waypoint;1,1;2;0;157;1261;False;False;None;1;0;0;0;
DB06;-3;Waypoint;1,2;2;0;146;1285;False;False;None;1;0;0;0;
DB06;-3;Waypoint;1,3;2;0;136;1317;False;False;None;1;0;0;0;
DB06;-3;Waypoint;1,4;2;0;156;1300;False;False;None;2;0;0;0;
DB06;-3;Waypoint;1,5;2;0;590;1220;False;False;None;2;0;0;0;
DB06;-3;Waypoint;1,6;2;0;692;1209;False;False;None;2;0;0;0;
DB06;-3;Waypoint;1,7;2;0;720;1150;False;False;None;2;0;0;0;
DB06;-3;Waypoint;1,8;2;0;720;1150;False;True;None;2;0;0;0;
DB06;-3;Waypoint;1,9;2;0;821;1069;False;True;None;2;0;0;0;
DB06;-3;Waypoint;2,0;2;0;1042;870;False;True;None;2;0;0;0;
DB06;-3;Waypoint;2,1;2;0;1091;824;False;True;None;2;0;0;0;
DB06;-3;Waypoint;2,2;2;0;1091;824;False;True;None;2;0;0;0;
DB06;-3;Waypoint;2,3;2;0;1084;814;False;True;None;2;0;0;0;
DB06;-3;Waypoint;2,4;2;0;1143;785;False;True;None;2;0;0;0;
DB06;-3;Waypoint;2,5;2;0;1507;795;False;True;None;2;0;0;0;
DB06;-3;Waypoint;2,6;2;0;1770;765;False;True;None;2;0;0;0;
DB06;-3;Waypoint;2,7;2;0;1857;765;False;True;None;2;0;0;0;
DB06;-3;Waypoint;2,8;2;0;2092;785;False;True;None;2;0;0;0;
DB06;-3;Waypoint;2,9;2;0;2106;795;False;True;None;2;0;0;0;
DB06;-3;Waypoint;3,0;2;0;2120;816;False;True;None;2;0;0;0;
DB06;-3;Waypoint;3,1;2;0;2148;827;False;True;None;2;0;0;0;
DB06;-3;Waypoint;3,2;2;0;2145;834;False;True;None;2;0;0;0;
DB06;-3;Waypoint;3,3;2;0;2148;869;False;True;None;2;0;0;0;
DB06;-3;Waypoint;3,4;2;0;2148;1061;False;True;None;2;0;0;0;
DB06;-3;Waypoint;3,5;2;0;2151;1090;False;True;None;2;0;0;0;
DB06;-3;Waypoint;3,6;2;0;2148;835;False;True;None;3;0;0;0;
DB06;-3;Waypoint;3,7;2;0;2131;572;False;True;None;3;0;0;0;
DB06;-3;Waypoint;3,8;2;0;2131;548;False;True;None;3;0;0;0;
DB06;-3;Waypoint;3,9;2;0;2131;548;False;True;None;3;0;0;0;
DB06;-3;Waypoint;4,0;2;0;2124;568;False;True;None;3;0;0;0;
DB06;-3;Waypoint;4,1;2;0;2110;620;False;True;None;3;0;0;0;
DB06;-3;Waypoint;4,2;2;0;2110;607;False;True;None;3;0;0;0;
DB06;-3;Waypoint;4,3;2;0;2116;680;False;True;None;3;0;0;0;
DB06;-3;Waypoint;4,4;2;0;2137;890;False;True;None;3;0;0;0;
DB06;-3;Waypoint;4,5;2;0;2131;779;False;True;None;4;0;0;0;
DB06;-3;Waypoint;4,6;2;0;2127;355;False;True;None;4;0;0;0;
DB06;-3;Waypoint;4,7;2;0;2130;305;False;True;None;4;0;0;0;
DB06;-3;Waypoint;4,8;2;0;2075;753;False;True;None;4;0;0;0;
DB06;-3;Waypoint;4,9;2;0;2071;740;False;True;None;5;0;0;0;
DB06;-3;Waypoint;5,0;2;0;2127;362;False;True;None;5;0;0;0;
DB06;-3;Waypoint;5,1;2;0;2141;680;False;True;None;5;0;0;0;
DB06;-3;Waypoint;5,2;2;0;2110;884;False;True;None;5;0;0;0;
DB06;-3;Waypoint;5,3;2;0;2158;471;False;True;None;6;0;0;0;
DB06;-3;Waypoint;5,4;2;0;2159;666;False;True;None;6;0;0;0;
DB06;-3;Waypoint;5,5;2;0;2120;849;False;True;None;7;0;0;0;
DB06;-3;Waypoint;5,6;2;0;2158;534;False;True;None;7;0;0;0;
DB06;-3;Waypoint;5,7;2;0;2120;781;False;True;None;7;0;0;0;
DB06;-3;Waypoint;5,8;2;0;2116;758;False;True;None;8;0;0;0;
DB06;-3;Waypoint;5,9;2;0;2137;555;False;True;None;8;0;0;0;
DB06;-3;Waypoint;6,0;2;0;2137;555;False;True;None;8;0;0;0;
DB06;-3;Waypoint;6,1;2;0;2137;575;False;True;None;8;0;0;0;
DB06;-3;Waypoint;6,2;2;0;2134;617;False;True;None;8;0;0;0;
DB06;-3;Waypoint;6,3;2;0;2134;627;False;True;None;8;0;0;0;
DB06;-3;Waypoint;6,4;2;0;2134;631;False;True;None;8;0;0;0;
DB06;-3;Waypoint;6,5;2;0;2131;638;False;True;None;8;0;0;0;
DB06;-3;Waypoint;6,6;2;0;2131;659;False;True;None;8;0;0;0;
DB06;-3;Waypoint;6,7;2;0;2124;715;False;True;None;8;0;0;0;
DB06;-3;Waypoint;6,8;2;0;2124;733;False;True;None;8;0;0;0;
DB06;-3;Waypoint;6,9;2;0;2124;642;False;True;None;9;0;0;0;
DB06;-3;Waypoint;7,0;2;0;2124;600;False;True;None;9;0;0;0;
DB06;-3;Waypoint;7,1;2;0;2124;600;False;True;None;9;0;0;0;
DB06;-3;Waypoint;7,2;2;0;2124;600;False;True;None;9;0;0;0;
DB06;-3;Waypoint;7,3;2;0;2124;620;False;True;None;9;0;0;0;
DB06;-3;Waypoint;7,4;2;0;2124;624;False;True;None;9;0;0;0;
DB06;-3;Waypoint;7,5;2;0;2124;624;False;True;None;9;0;0;0;
DB06;-3;Waypoint;7,6;2;0;2124;624;False;True;None;9;0;0;0;
DB06;-3;Waypoint;7,7;2;0;2124;624;False;True;None;9;0;0;0;
DB06;-3;Waypoint;7,8;2;0;2124;624;False;True;None;9;0;0;0;
DB06;-3;Waypoint;7,9;2;0;2124;624;False;True;None;9;0;0;0;
DB06;-3;Waypoint;8,0;2;0;2124;624;False;True;None;9;0;0;0;
DB06;-3;Waypoint;8,1;2;0;2124;624;False;True;None;9;0;0;0;
DB06;-3;Waypoint;8,2;2;0;2124;624;False;True;None;9;0;0;0;
DB06;-3;Waypoint;8,3;2;0;2200;600;False;True;None;9;0;0;0;
DB06;-3;Waypoint;8,4;2;0;2239;576;False;True;None;9;0;0;0;
DB06;-3;Waypoint;8,5;2;0;2222;589;False;True;None;9;0;0;0;
DB06;-3;Waypoint;8,6;2;0;2169;641;False;True;None;9;0;0;0;
DB06;-3;Waypoint;8,7;2;0;2166;655;False;True;None;9;0;0;0;
DB06;-3;Waypoint;8,8;2;0;2159;669;False;True;None;9;0;0;0;
DB06;-3;Waypoint;8,9;2;0;2159;669;False;True;None;9;0;0;0;
DB06;-3;Waypoint;9,0;2;0;2162;690;False;True;None;9;0;0;0;
DB06;-3;Waypoint;9,1;2;0;2169;697;False;True;None;9;0;0;0;
DB06;-3;Waypoint;9,2;2;0;2197;718;False;True;None;9;0;0;0;
DB06;-3;Waypoint;9,3;2;0;2197;725;False;True;None;9;0;0;0;
DB06;-3;Waypoint;9,4;2;0;2197;736;False;True;None;9;0;0;0;
DB06;-3;Waypoint;9,5;2;0;2197;736;False;True;None;9;0;0;0;
DB06;-3;Waypoint;9,6;2;0;2197;736;False;True;None;9;0;0;0;
DB06;-3;Waypoint;9,7;2;0;2197;746;False;True;None;9;0;0;0;
DB06;-3;Waypoint;9,8;2;0;2200;753;False;True;None;9;0;0;0;
DB06;-3;Waypoint;9,9;2;0;2204;753;False;True;None;9;0;0;0;
DB06;-3;Waypoint;10,0;2;0;2204;753;False;True;None;9;0;0;0;
DB06;-3;Waypoint;10,1;2;0;2204;753;False;True;None;9;0;0;0;
DB06;-3;Waypoint;10,2;2;0;2190;747;False;True;None;9;0;0;0;
DB06;-3;Waypoint;10,3;2;0;2183;747;False;True;None;9;0;0;0;
DB06;-3;Waypoint;10,4;2;0;2183;747;False;True;None;9;0;0;0;
DB06;-3;Waypoint;10,5;2;0;2183;747;False;True;None;9;0;0;0;
DB06;-3;Waypoint;10,6;2;0;2183;747;False;True;None;9;0;0;0;
DB06;-3;Waypoint;10,7;2;0;2183;747;False;True;None;9;0;0;0;
DB06;-3;Waypoint;10,8;2;0;2183;747;False;True;None;9;0;0;0;
DB06;-3;Waypoint;10,9;2;0;2183;747;False;True;None;9;0;0;0;
DB06;-3;Waypoint;11,0;2;0;2183;747;False;True;None;9;0;0;0;
DB06;-3;Waypoint;11,1;2;0;2183;747;False;True;None;9;0;0;0;
DB06;-3;Waypoint;11,2;2;0;2183;747;False;True;None;9;0;0;0;
DB06;-3;Waypoint;11,3;2;0;2183;747;False;True;None;9;0;0;0;
DB06;-3;Waypoint;11,4;2;0;2183;747;False;True;None;9;0;0;0;
DB06;-3;Waypoint;11,5;2;0;2183;747;False;True;None;9;0;0;0;
DB06;-3;Waypoint;11,6;2;0;2183;747;False;True;None;9;0;0;0;
DB06;-3;Waypoint;11,7;2;0;2183;747;False;True;None;9;0;0;0;
DB06;-3;Waypoint;11,8;2;0;2183;747;False;True;None;9;0;0;0;
DB06;-3;Waypoint;11,9;2;0;2183;747;False;True;None;9;0;0;0;
DB06;-3;Waypoint;12,0;2;0;2183;747;False;True;None;9;0;0;0;
DB06;-3;Waypoint;12,1;2;0;2183;747;False;True;None;9;0;0;0;
DB06;-3;Waypoint;12,2;2;0;2183;747;False;True;None;9;0;0;0;
DB06;-3;Waypoint;12,3;2;0;2183;747;False;True;None;9;0;0;0;
DB06;-3;Waypoint;12,4;2;0;2183;747;False;True;None;9;0;0;0;
DB06;-3;Waypoint;12,5;2;0;2173;726;False;True;None;9;0;0;0;
DB06;-3;Waypoint;12,6;2;0;2173;712;False;True;None;9;0;0;0;
DB06;-3;Waypoint;12,7;2;0;2176;702;False;True;None;9;0;0;0;
DB06;-3;Waypoint;12,8;2;0;2179;681;False;True;None;9;0;0;0;
DB06;-3;Waypoint;12,9;2;0;2183;667;False;True;None;9;0;0;0;
DB06;-3;Waypoint;13,0;2;0;2183;660;False;True;None;9;0;0;0;
DB06;-3;Waypoint;13,1;2;0;2176;642;False;True;None;9;0;0;0;
DB06;-3;Waypoint;13,2;2;0;2169;628;False;True;None;9;0;0;0;
DB06;-3;Waypoint;13,3;2;0;2169;645;False;True;None;9;0;0;0;
DB06;-3;Waypoint;13,4;2;0;2166;683;False;True;None;9;0;0;0;
DB06;-3;Waypoint;13,5;2;0;2166;704;False;True;None;9;0;0;0;
DB06;-3;Waypoint;13,6;2;0;2169;718;False;True;None;9;0;0;0;
DB06;-3;Waypoint;13,7;2;0;2169;729;False;True;None;9;0;0;0;
DB06;-3;Waypoint;13,8;2;0;2172;746;False;True;None;9;0;0;0;
DB06;-3;Waypoint;13,9;2;0;2176;760;False;True;None;9;0;0;0;
DB06;-3;Waypoint;14,0;2;0;2179;771;False;True;None;9;0;0;0;
DB06;-3;Waypoint;14,1;2;0;2179;778;False;True;None;9;0;0;0;
DB06;-3;Waypoint;14,2;2;0;2179;792;False;True;None;9;0;0;0;
DB06;-3;Waypoint;14,3;2;0;2179;792;False;True;None;9;0;1;0;
DB06;-3;Waypoint;14,4;2;0;2179;795;False;True;None;9;0;1;0;
DB06;-3;Waypoint;14,5;2;0;2183;802;False;True;None;9;0;1;0;
DB06;-3;Waypoint;14,6;2;0;2183;809;False;True;None;9;0;1;0;
DB06;-3;Waypoint;14,7;2;0;2183;809;False;True;None;9;0;1;0;
DB06;-3;Waypoint;14,8;2;0;2183;809;False;True;None;9;1;1;0;
DB06;-3;Waypoint;14,9;2;0;2183;803;False;True;None;9;1;1;0;
DB06;-3;Waypoint;15,0;2;0;2186;803;False;True;None;9;1;1;0;
DB06;-3;Waypoint;15,1;2;0;2186;865;False;True;None;9;1;1;0;
DB06;-3;Waypoint;15,2;2;0;2190;953;False;True;None;9;1;1;0;
DB06;-3;Waypoint;15,3;2;0;2187;981;False;True;None;9;1;1;0;
DB06;-3;Waypoint;15,4;2;0;2187;984;False;True;None;9;1;1;0;
DB06;-3;Waypoint;15,5;2;0;2190;905;False;True;None;10;1;1;0;
DB06;-3;Waypoint;15,6;2;0;2193;789;False;True;None;10;1;1;0;
DB06;-3;Waypoint;15,7;2;0;2193;642;False;True;None;10;1;1;0;
DB06;-3;Waypoint;15,8;2;0;2180;506;False;True;None;10;1;1;0;
DB06;-3;Waypoint;15,9;2;0;2180;478;False;True;None;10;1;1;0;
DB06;-3;Waypoint;16,0;2;0;2173;578;False;True;None;10;1;2;0;
DB06;-3;Waypoint;16,1;2;0;2166;732;False;True;None;10;1;2;0;
DB06;-3;Waypoint;16,2;2;0;2166;795;False;True;None;10;1;2;0;
DB06;-3;Waypoint;16,3;2;0;2176;813;False;True;None;10;1;2;0;
DB06;-3;Waypoint;16,4;2;0;2176;820;False;True;None;10;1;2;0;
DB06;-3;Waypoint;16,5;2;0;2176;820;False;True;None;10;1;2;0;
DB06;-3;Waypoint;16,6;2;0;2176;820;False;True;None;10;1;2;0;
DB06;-3;Waypoint;16,7;2;0;2173;837;False;True;None;10;1;2;0;
DB06;-3;Waypoint;16,8;2;0;2173;851;False;True;None;10;1;2;0;
DB06;-3;Waypoint;16,9;2;0;2173;855;False;True;None;10;1;2;0;
DB06;-3;Waypoint;17,0;2;0;2173;858;False;True;None;10;1;2;0;
DB06;-3;Waypoint;17,1;2;0;2173;858;False;True;None;10;1;2;0;
DB06;-3;Waypoint;17,2;2;0;2173;858;False;True;None;10;1;2;0;
DB06;-3;Waypoint;17,3;2;0;2173;858;False;True;None;10;1;2;0;
DB06;-3;Waypoint;17,4;2;0;2173;858;False;True;None;10;2;2;0;
DB06;-3;Waypoint;17,5;2;0;2173;858;False;True;None;10;2;2;0;
DB06;-3;Waypoint;17,6;2;0;2169;942;False;True;None;10;2;2;0;
DB06;-3;Waypoint;17,7;2;0;2169;1030;False;True;None;10;2;2;0;
DB06;-3;Waypoint;17,8;2;0;2172;1051;False;True;None;10;2;2;0;
DB06;-3;Waypoint;17,9;2;0;2176;1052;False;True;None;10;2;2;0;
DB06;-3;Waypoint;18,0;2;0;2179;901;False;True;None;11;2;2;0;
DB06;-3;Waypoint;18,1;2;0;2186;765;False;True;None;11;2;2;0;
DB06;-3;Waypoint;18,2;2;0;2190;607;False;True;None;11;2;2;0;
DB06;-3;Waypoint;18,3;2;0;2183;548;False;True;None;11;2;2;0;
DB06;-3;Waypoint;18,4;2;0;2176;589;False;True;None;11;2;3;0;
DB06;-3;Waypoint;18,5;2;0;2169;680;False;True;None;11;2;3;0;
DB06;-3;Waypoint;18,6;2;0;2176;732;False;True;None;11;2;3;0;
DB06;-3;Waypoint;18,7;2;0;2173;746;False;True;None;11;2;3;0;
DB06;-3;Waypoint;18,8;2;0;2173;746;False;True;None;11;3;3;0;
DB06;-3;Waypoint;18,9;2;0;2173;746;False;True;None;11;3;3;0;
DB06;-3;Waypoint;19,0;2;0;2176;764;False;True;None;11;3;3;0;
DB06;-3;Waypoint;19,1;2;0;2190;858;False;True;None;11;3;3;0;
DB06;-3;Waypoint;19,2;2;0;2211;925;False;True;None;11;3;3;0;
DB06;-3;Waypoint;19,3;2;0;2211;891;False;True;None;12;3;3;0;
DB06;-3;Waypoint;19,4;2;0;2208;733;False;True;None;12;3;3;0;
DB06;-3;Waypoint;19,5;2;0;2201;558;False;True;None;12;3;3;0;
DB06;-3;Waypoint;19,6;2;0;2197;506;False;True;None;12;3;3;0;
DB06;-3;Waypoint;19,7;2;0;2190;589;False;True;None;12;3;4;0;
DB06;-3;Waypoint;19,8;2;0;2183;701;False;True;None;12;3;4;0;
DB06;-3;Waypoint;19,9;2;0;2180;743;False;True;None;12;3;4;0;
DB06;-3;Waypoint;20,0;2;0;2180;760;False;True;None;12;3;4;0;
DB06;-3;Waypoint;20,1;2;0;2176;774;False;True;None;12;3;4;0;
DB06;-3;Waypoint;20,2;2;0;2176;785;False;True;None;12;3;4;0;
DB06;-3;Waypoint;20,3;2;0;2176;785;False;True;None;12;4;4;0;
DB06;-3;Waypoint;20,4;2;0;2179;785;False;True;None;12;4;4;0;
DB06;-3;Waypoint;20,5;2;0;2186;792;False;True;None;12;4;4;0;
DB06;-3;Waypoint;20,6;2;0;2214;865;False;True;None;12;4;4;0;
DB06;-3;Waypoint;20,7;2;0;2225;967;False;True;None;12;4;4;0;
DB06;-3;Waypoint;20,8;2;0;2215;998;False;True;None;12;4;4;0;
DB06;-3;Waypoint;20,9;2;0;2215;999;False;True;None;12;4;4;0;
DB06;-3;Waypoint;21,0;2;0;2215;912;False;True;None;13;4;4;0;
DB06;-3;Waypoint;21,1;2;0;2218;810;False;True;None;13;4;4;0;
DB06;-3;Waypoint;21,2;2;0;2221;705;False;True;None;13;4;4;0;
DB06;-3;Waypoint;21,3;2;0;2218;614;False;True;None;13;4;4;0;
DB06;-3;Waypoint;21,4;2;0;2215;582;False;True;None;13;4;4;0;
DB06;-3;Waypoint;21,5;2;0;2208;662;False;True;None;13;4;5;0;
DB06;-3;Waypoint;21,6;2;0;2204;785;False;True;None;13;4;5;0;
DB06;-3;Waypoint;21,7;2;0;2204;830;False;True;None;13;4;5;0;
DB06;-3;Waypoint;21,8;2;0;2204;841;False;True;None;13;4;5;0;
DB06;-3;Waypoint;21,9;2;0;2204;838;False;True;None;13;5;5;0;
DB06;-3;Waypoint;22,0;2;0;2214;834;False;True;None;13;5;5;0;
DB06;-3;Waypoint;22,1;2;0;2242;932;False;True;None;13;5;5;0;
DB06;-3;Waypoint;22,2;2;0;2260;989;False;True;None;14;5;5;0;
DB06;-3;Waypoint;22,3;2;0;2250;873;False;True;None;14;5;5;0;
DB06;-3;Waypoint;22,4;2;0;2243;779;False;True;None;14;5;5;0;
DB06;-3;Waypoint;22,5;2;0;2236;723;False;True;None;14;5;5;0;
DB06;-3;Waypoint;22,6;2;0;2236;667;False;True;None;14;5;5;0;
DB06;-3;Waypoint;22,7;2;0;2232;600;False;True;None;14;5;5;0;
DB06;-3;Waypoint;22,8;2;0;2229;565;False;True;None;14;5;5;0;
DB06;-3;Waypoint;22,9;2;0;2222;610;False;True;None;14;5;5;0;
DB06;-3;Waypoint;23,0;2;0;2211;708;False;True;None;14;5;6;0;
DB06;-3;Waypoint;23,1;2;0;2204;764;False;True;None;14;5;6;0;
DB06;-3;Waypoint;23,2;2;0;2204;806;False;True;None;14;5;6;0;
DB06;-3;Waypoint;23,3;2;0;2207;820;False;True;None;14;5;6;0;
DB06;-3;Waypoint;23,4;2;0;2207;820;False;True;None;14;6;6;0;
DB06;-3;Waypoint;23,5;2;0;2207;817;False;True;None;14;6;6;0;
DB06;-3;Waypoint;23,6;2;0;2225;817;False;True;None;14;6;6;0;
DB06;-3;Waypoint;23,7;2;0;2267;921;False;True;None;14;6;6;0;
DB06;-3;Waypoint;23,8;2;0;2274;967;False;True;None;15;6;6;0;
DB06;-3;Waypoint;23,9;2;0;2274;884;False;True;None;15;6;6;0;
DB06;-3;Waypoint;24,0;2;0;2274;831;False;True;None;15;6;6;0;
DB06;-3;Waypoint;24,1;2;0;2274;803;False;True;None;15;6;6;0;
DB06;-3;Waypoint;24,2;2;0;2274;768;False;True;None;15;6;6;0;
DB06;-3;Waypoint;24,3;2;0;2274;737;False;True;None;15;6;6;0;
DB06;-3;Waypoint;24,4;2;0;2271;702;False;True;None;15;6;6;0;
DB06;-3;Waypoint;24,5;2;0;2271;656;False;True;None;15;6;6;0;
DB06;-3;Waypoint;24,6;2;0;2264;611;False;True;None;15;6;6;0;
DB06;-3;Waypoint;24,7;2;0;2257;558;False;True;None;15;6;6;0;
DB06;-3;Waypoint;24,8;2;0;2253;499;False;True;None;15;6;6;0;
DB06;-3;Waypoint;24,9;2;0;2250;481;False;True;None;15;6;6;0;
DB06;-3;Waypoint;25,0;2;0;2243;536;False;True;None;15;6;6;0;
DB06;-3;Waypoint;25,1;2;0;2229;662;False;True;None;15;6;6;0;
DB06;-3;Waypoint;25,2;2;0;2222;746;False;True;None;15;6;7;0;
DB06;-3;Waypoint;25,3;2;0;2228;785;False;True;None;15;6;7;0;
DB06;-3;Waypoint;25,4;2;0;2232;799;False;True;None;15;7;7;0;
DB06;-3;Waypoint;25,5;2;0;2232;799;False;True;None;15;7;7;0;
DB06;-3;Waypoint;25,6;2;0;2232;799;False;True;None;15;7;7;0;
DB06;-3;Waypoint;25,7;2;0;2232;799;False;True;None;15;7;7;0;
DB06;-3;Waypoint;25,8;2;0;2225;851;False;True;None;15;7;7;0;
DB06;-3;Waypoint;25,9;2;0;2225;928;False;True;None;15;7;7;0;
DB06;-3;Waypoint;26,0;2;0;2225;894;False;True;None;16;7;7;0;
DB06;-3;Waypoint;26,1;2;0;2235;740;False;True;None;16;7;7;0;
DB06;-3;Waypoint;26,2;2;0;2239;569;False;True;None;16;7;7;0;
DB06;-3;Waypoint;26,3;2;0;2232;467;False;True;None;16;7;7;0;
DB06;-3;Waypoint;26,4;2;0;2232;446;False;True;None;16;7;7;0;
DB06;-3;Waypoint;26,5;2;0;2232;533;False;True;None;16;7;8;0;
DB06;-3;Waypoint;26,6;2;0;2222;694;False;True;None;16;7;8;0;
DB06;-3;Waypoint;26,7;2;0;2211;767;False;True;None;16;7;8;0;
DB06;-3;Waypoint;26,8;2;0;2204;799;False;True;None;16;7;8;0;
DB06;-3;Waypoint;26,9;2;0;2204;799;False;True;None;16;8;8;0;
DB06;-3;Waypoint;27,0;2;0;2204;799;False;True;None;16;8;8;0;
DB06;-3;Waypoint;27,1;2;0;2232;844;False;True;None;16;8;8;0;
DB06;-3;Waypoint;27,2;2;0;2242;939;False;True;None;16;8;8;0;
DB06;-3;Waypoint;27,3;2;0;2242;863;False;True;None;17;8;8;0;
DB06;-3;Waypoint;27,4;2;0;2246;667;False;True;None;17;8;8;0;
DB06;-3;Waypoint;27,5;2;0;2239;544;False;True;None;17;8;8;0;
DB06;-3;Waypoint;27,6;2;0;2239;527;False;True;None;17;8;8;0;
DB06;-3;Waypoint;27,7;2;0;2229;554;False;True;None;17;8;8;0;
DB06;-3;Waypoint;27,8;2;0;2215;638;False;True;None;17;8;8;0;
DB06;-3;Waypoint;27,9;2;0;2208;725;False;True;None;17;8;9;0;
DB06;-3;Waypoint;28,0;2;0;2208;806;False;True;None;17;8;9;0;
DB06;-3;Waypoint;28,1;2;0;2201;858;False;True;None;17;8;9;0;
DB06;-3;Waypoint;28,2;2;0;2194;918;False;True;None;17;8;9;0;
DB06;-3;Waypoint;28,3;2;0;2194;925;False;True;None;17;8;9;0;
DB06;-3;Waypoint;28,4;2;0;2183;939;False;True;None;17;8;9;0;
DB06;-3;Waypoint;28,5;2;0;2180;949;False;True;None;17;8;9;0;
DB06;-3;Waypoint;28,6;2;0;2180;949;False;True;None;17;8;9;0;
DB06;-3;Waypoint;28,7;2;0;2176;956;False;True;None;17;8;9;0;
DB06;-3;Waypoint;28,8;2;0;2176;960;False;True;None;17;8;9;0;
DB06;-3;Waypoint;28,9;2;0;2179;970;False;True;None;17;8;9;0;
DB06;-3;Waypoint;29,0;2;0;2179;974;False;True;None;17;9;9;0;
DB06;-3;Waypoint;29,1;2;0;2176;964;False;True;None;17;9;9;0;
DB06;-3;Waypoint;29,2;2;0;2193;964;False;True;None;17;9;9;0;
DB06;-3;Waypoint;29,3;2;0;2221;991;False;True;None;17;9;9;0;
DB06;-3;Waypoint;29,4;2;0;2246;1047;False;True;None;17;9;9;0;
DB06;-3;Waypoint;29,5;2;0;2246;999;False;True;None;18;9;9;0;
DB06;-3;Waypoint;29,6;2;0;2253;866;False;True;None;18;9;9;0;
DB06;-3;Waypoint;29,7;2;0;2256;754;False;True;None;18;9;9;0;
DB06;-3;Waypoint;29,8;2;0;2253;649;False;True;None;18;9;9;0;
DB06;-3;Waypoint;29,9;2;0;2243;607;False;True;None;18;9;9;0;
DB06;-3;Waypoint;30,0;2;0;2229;620;False;True;None;18;9;9;0;
DB06;-3;Waypoint;30,1;2;0;2201;711;False;True;None;18;9;9;0;
DB06;-3;Waypoint;30,2;2;0;2187;802;False;True;None;18;9;10;0;
DB06;-3;Waypoint;30,3;2;0;2190;862;False;True;None;18;9;10;0;
DB06;-3;Waypoint;30,4;2;0;2200;932;False;True;None;18;9;10;0;
DB06;-3;Waypoint;30,5;2;0;2200;967;False;True;None;18;9;10;0;
DB06;-3;Waypoint;30,6;2;0;2187;998;False;True;None;18;9;10;0;
DB06;-3;Waypoint;30,7;2;0;2183;1002;False;True;None;18;9;10;0;
DB06;-3;Waypoint;30,8;2;0;2180;1002;False;True;None;18;9;10;0;
DB06;-3;Waypoint;30,9;2;0;2180;1002;False;True;None;18;9;10;0;
DB06;-3;Waypoint;31,0;2;0;2180;1002;False;True;None;18;10;10;0;
DB06;-3;Waypoint;31,1;2;0;2180;999;False;True;None;18;10;10;0;
DB06;-3;Waypoint;31,2;2;0;2183;1002;False;True;None;18;10;10;0;
DB06;-3;Waypoint;31,3;2;0;2207;1093;False;True;None;18;10;10;0;
DB06;-3;Waypoint;31,4;2;0;2211;1052;False;True;None;19;10;10;0;
DB06;-3;Waypoint;31,5;2;0;2214;887;False;True;None;19;10;10;0;
DB06;-3;Waypoint;31,6;2;0;2208;730;False;True;None;19;10;10;0;
DB06;-3;Waypoint;31,7;2;0;2204;660;False;True;None;19;10;10;0;
DB06;-3;Waypoint;31,8;2;0;2201;632;False;True;None;19;10;10;0;
DB06;-3;Waypoint;31,9;2;0;2197;638;False;True;None;19;10;10;0;
DB06;-3;Waypoint;32,0;2;0;2176;715;False;True;None;19;10;10;0;
DB06;-3;Waypoint;32,1;2;0;2173;778;False;True;None;19;10;10;0;
DB06;-3;Waypoint;32,2;2;0;2173;813;False;True;None;19;10;10;0;
DB06;-3;Waypoint;32,3;2;0;2176;855;False;True;None;19;10;11;0;
DB06;-3;Waypoint;32,4;2;0;2176;886;False;True;None;19;10;11;0;
DB06;-3;Waypoint;32,5;2;0;2176;890;False;True;None;19;11;11;0;
DB06;-3;Waypoint;32,6;2;0;2176;890;False;True;None;19;11;11;0;
DB06;-3;Waypoint;32,7;2;0;2179;897;False;True;None;19;11;11;0;
DB06;-3;Waypoint;32,8;2;0;2204;977;False;True;None;19;11;11;0;
DB06;-3;Waypoint;32,9;2;0;2242;1061;False;True;None;19;11;11;0;
DB06;-3;Waypoint;33,0;2;0;2246;1013;False;True;None;20;11;11;0;
DB06;-3;Waypoint;33,1;2;0;2246;891;False;True;None;20;11;11;0;
DB06;-3;Waypoint;33,2;2;0;2243;842;False;True;None;20;11;11;0;
DB06;-3;Waypoint;33,3;2;0;2239;828;False;True;None;20;11;11;0;
DB06;-3;Waypoint;33,4;2;0;2236;821;False;True;None;20;11;11;0;
DB06;-3;Waypoint;33,5;2;0;2222;793;False;True;None;20;11;11;0;
DB06;-3;Waypoint;33,6;2;0;2201;747;False;True;None;20;11;11;0;
DB06;-3;Waypoint;33,7;2;0;2190;737;False;True;None;20;11;11;0;
DB06;-3;Waypoint;33,8;2;0;2180;746;False;True;None;20;11;11;0;
DB06;-3;Waypoint;33,9;2;0;2180;774;False;True;None;20;11;12;0;
DB06;-3;Waypoint;34,0;2;0;2180;806;False;True;None;20;11;12;0;
DB06;-3;Waypoint;34,1;2;0;2180;844;False;True;None;20;11;12;0;
DB06;-3;Waypoint;34,2;2;0;2180;872;False;True;None;20;11;12;0;
DB06;-3;Waypoint;34,3;2;0;2180;886;False;True;None;20;11;12;0;
DB06;-3;Waypoint;34,4;2;0;2180;890;False;True;None;20;11;12;0;
DB06;-3;Waypoint;34,5;2;0;2180;890;False;True;None;20;11;12;0;
DB06;-3;Waypoint;34,6;2;0;2180;914;False;True;None;20;11;12;0;
DB06;-3;Waypoint;34,7;2;0;2183;942;False;True;None;20;11;12;0;
DB06;-3;Waypoint;34,8;2;0;2183;963;False;True;None;20;11;12;0;
DB06;-3;Waypoint;34,9;2;0;2186;1002;False;True;None;20;11;12;0;
DB06;-3;Waypoint;35,0;2;0;2190;1033;False;True;None;20;11;12;0;
DB06;-3;Waypoint;35,1;2;0;2190;1037;False;True;None;20;11;12;0;
DB06;-3;Waypoint;35,2;2;0;2190;1037;False;True;None;20;12;12;0;
DB06;-3;Waypoint;35,3;2;0;2190;1037;False;True;None;20;12;12;0;
DB06;-3;Waypoint;35,4;2;0;2193;1037;False;True;None;20;12;12;0;
DB06;-3;Waypoint;35,5;2;0;2218;999;False;True;None;20;12;12;0;
DB06;-3;Waypoint;35,6;2;0;2281;975;False;True;None;20;12;12;0;
DB06;-3;Waypoint;35,7;2;0;2291;981;False;True;None;20;12;12;0;
DB06;-3;Waypoint;35,8;2;0;2288;919;False;True;None;21;12;12;0;
DB06;-3;Waypoint;35,9;2;0;2274;824;False;True;None;21;12;12;0;
DB06;-3;Waypoint;36,0;2;0;2264;775;False;True;None;21;12;12;0;
DB06;-3;Waypoint;36,1;2;0;2264;772;False;True;None;21;12;12;0;
DB06;-3;Waypoint;36,2;2;0;2264;772;False;True;None;21;12;12;0;
DB06;-3;Waypoint;36,3;2;0;2264;772;False;True;None;21;12;12;0;
DB06;-3;Waypoint;36,4;2;0;2264;765;False;True;None;21;12;12;0;
DB06;-3;Waypoint;36,5;2;0;2257;758;False;True;None;21;12;12;0;
DB06;-3;Waypoint;36,6;2;0;2250;744;False;True;None;21;12;12;0;
DB06;-3;Waypoint;36,7;2;0;2250;737;False;True;None;21;12;12;0;
DB06;-3;Waypoint;36,8;2;0;2250;737;False;True;None;21;12;12;0;
DB06;-3;Waypoint;36,9;2;0;2250;737;False;True;None;21;12;12;0;
DB06;-3;Waypoint;37,0;2;0;2250;737;False;True;None;21;12;12;0;
DB06;-3;Waypoint;37,1;2;0;2260;681;False;True;None;21;12;12;0;
DB06;-3;Waypoint;37,2;2;0;2260;667;False;True;None;21;12;12;0;
DB06;-3;Waypoint;37,3;2;0;2263;663;False;True;None;21;12;12;0;
DB06;-3;Waypoint;37,4;2;0;2250;590;False;True;None;21;12;12;0;
DB06;-3;Waypoint;37,5;2;0;2250;583;False;True;None;21;12;12;0;
DB06;-3;Waypoint;37,6;2;0;2250;617;False;True;None;22;12;12;0;
DB06;-3;Waypoint;37,7;2;0;2246;687;False;True;None;22;12;12;0;
DB06;-3;Waypoint;37,8;2;0;2246;732;False;True;None;22;12;12;0;
DB06;-3;Waypoint;37,9;2;0;2243;785;False;True;None;22;12;12;0;
DB06;-3;Waypoint;38,0;2;0;2236;834;False;True;None;22;12;12;0;
DB06;-3;Waypoint;38,1;2;0;2236;844;False;True;None;22;12;12;0;
DB06;-3;Waypoint;38,2;2;0;2236;842;False;True;None;22;12;12;0;
DB06;-3;Waypoint;38,3;2;0;2253;782;False;True;None;22;12;12;0;
DB06;-3;Waypoint;38,4;2;0;2263;758;False;True;None;22;12;12;0;
DB06;-3;Waypoint;38,5;2;0;2267;754;False;True;None;22;12;12;0;
DB06;-3;Waypoint;38,6;2;0;2267;754;False;True;None;22;12;12;0;
DB06;-3;Waypoint;38,7;2;0;2270;754;False;True;None;22;12;12;0;
DB06;-3;Waypoint;38,8;2;0;2270;754;False;True;None;22;12;12;0;
DB06;-3;Waypoint;38,9;2;0;2277;754;False;True;None;22;12;12;0;
DB06;-3;Waypoint;39,0;2;0;2277;754;False;True;None;22;12;12;0;
DB06;-3;Waypoint;39,1;2;0;2277;754;False;True;None;22;12;12;0;
DB06;-3;Waypoint;39,2;2;0;2277;754;False;True;None;22;12;12;0;
DB06;-3;Waypoint;39,3;2;0;2277;754;False;True;None;22;12;12;0;
DB06;-3;Waypoint;39,4;2;0;2277;754;False;True;None;22;12;12;0;
DB06;-3;Waypoint;39,5;2;0;2277;754;False;True;None;22;12;12;0;
DB06;-3;Waypoint;39,6;2;0;2277;754;False;True;None;22;12;12;0;
DB06;-3;Waypoint;39,7;2;0;2277;754;False;True;None;22;12;12;0;
DB06;-3;Waypoint;39,8;2;0;2277;754;False;True;None;22;12;12;0;
DB06;-3;Waypoint;39,9;2;0;2277;754;False;True;None;22;12;12;0;
DB06;-3;Waypoint;40,0;2;0;2277;754;False;True;None;22;12;12;0;
DB06;-3;Waypoint;40,1;2;0;2277;754;False;True;None;22;12;12;0;
DB06;-3;Waypoint;40,2;2;0;2277;754;False;True;None;22;12;12;0;
DB06;-3;Waypoint;40,3;2;0;2277;754;False;True;None;22;12;12;0;
DB06;-3;Waypoint;40,4;2;0;2277;754;False;True;None;22;12;12;0;
DB06;-3;Waypoint;40,5;2;0;2277;754;False;True;None;22;12;12;0;
DB06;-3;Waypoint;40,6;2;0;2277;754;False;True;None;22;12;12;0;
DB06;-3;Waypoint;40,7;2;0;2277;754;False;True;None;22;12;12;0;
DB06;-3;Waypoint;40,8;2;0;2277;754;False;True;None;22;12;12;0;
DB06;-3;Waypoint;40,9;2;0;2277;754;False;True;None;22;12;12;0;
DB06;-3;Waypoint;41,0;2;0;2277;754;False;True;None;22;12;12;0;
DB06;-3;Waypoint;41,1;2;0;2277;754;False;True;None;22;12;12;0;
DB06;-3;Waypoint;41,2;2;0;2277;754;False;True;None;22;12;12;0;
DB06;-3;Waypoint;41,3;2;0;2277;754;False;True;None;22;12;12;0;
DB06;-3;Waypoint;41,4;2;0;2277;754;False;True;None;22;12;12;0;
DB06;-3;Waypoint;41,5;2;0;2277;754;False;True;None;22;12;12;0;
DB06;-3;Waypoint;41,6;2;0;2277;754;False;True;None;22;12;12;0;
DB06;-3;Waypoint;41,7;2;0;2277;754;False;True;None;22;12;12;0;
DB06;-3;Waypoint;41,8;2;0;2277;754;False;True;None;22;12;12;0;
DB06;-3;Waypoint;41,9;2;0;2277;754;False;True;None;22;12;12;0;
DB06;-3;Waypoint;42,0;2;0;2277;754;False;True;None;22;12;12;0;
DB06;-3;Waypoint;42,1;2;0;2257;823;False;True;None;22;12;12;0;
DB06;-3;Waypoint;42,2;2;0;2218;942;False;True;None;22;12;12;0;
DB06;-3;Waypoint;42,3;2;0;2229;1037;False;True;None;22;12;12;0;
DB06;-3;Waypoint;42,4;2;0;2228;1062;False;True;None;22;12;12;0;
DB06;-3;Waypoint;42,5;2;0;2246;947;False;True;None;23;12;12;0;
DB06;-3;Waypoint;42,6;2;0;2243;786;False;True;None;23;12;12;0;
DB06;-3;Waypoint;42,7;2;0;2243;754;False;True;None;23;12;12;0;
DB06;-3;Waypoint;42,8;2;0;2243;754;False;True;None;23;12;12;0;
DB06;-3;Waypoint;42,9;2;0;2243;760;False;True;None;23;12;12;0;
DB06;-3;Waypoint;43,0;2;0;2215;844;False;True;None;23;12;12;0;
DB06;-3;Waypoint;43,1;2;0;2208;897;False;True;None;23;12;12;0;
DB06;-3;Waypoint;43,2;2;0;2225;988;False;True;None;23;12;12;0;
DB06;-3;Waypoint;43,3;2;0;2232;964;False;True;None;24;12;12;0;
DB06;-3;Waypoint;43,4;2;0;2222;765;False;True;None;24;12;12;0;
DB06;-3;Waypoint;43,5;2;0;2215;709;False;True;None;24;12;12;0;
DB06;-3;Waypoint;43,6;2;0;2215;722;False;True;None;24;12;12;0;
DB06;-3;Waypoint;43,7;2;0;2208;729;False;True;None;24;12;12;0;
DB06;-3;Waypoint;43,8;2;0;2187;795;False;True;None;24;12;12;0;
DB06;-3;Waypoint;43,9;2;0;2183;799;False;True;None;24;12;12;0;
DB06;-3;Waypoint;44,0;2;0;2183;799;False;True;None;24;12;12;0;
DB06;-3;Waypoint;44,1;2;0;2183;799;False;True;None;24;12;12;0;
DB06;-3;Waypoint;44,2;2;0;2183;799;False;True;None;24;12;12;0;
DB06;-3;Waypoint;44,3;2;0;2183;799;False;True;None;24;12;12;0;
DB06;-3;Waypoint;44,4;2;0;2183;799;False;True;None;24;12;12;0;
DB06;-3;Waypoint;44,5;2;0;2183;799;False;True;None;24;12;12;0;
DB06;-3;Waypoint;44,6;2;0;2211;796;False;True;None;24;12;12;0;
DB06;-3;Waypoint;44,7;2;0;2229;844;False;True;None;24;12;12;0;
DB06;-3;Waypoint;44,8;2;0;2169;905;False;True;None;24;12;12;0;
DB06;-3;Waypoint;44,9;2;0;2169;901;False;True;None;24;12;12;0;
DB06;-3;Waypoint;45,0;2;0;2179;901;False;True;None;25;12;12;0;
DB06;-3;Waypoint;45,1;2;0;2179;814;False;True;None;25;12;12;0;
DB06;-3;Waypoint;45,2;2;0;2179;786;False;True;None;25;12;12;0;
DB06;-3;Waypoint;45,3;2;0;2173;782;False;True;None;25;12;12;0;
DB06;-3;Waypoint;45,4;2;0;1784;667;False;True;None;25;12;12;0;
DB06;-3;Waypoint;45,5;2;0;1427;669;False;True;None;25;12;12;0;
DB06;-3;Waypoint;45,6;2;0;1402;708;False;True;None;25;12;12;0;
DB06;-3;Waypoint;45,7;2;0;1640;725;False;True;None;25;12;12;0;
DB06;-3;Waypoint;45,8;2;0;1920;695;False;True;None;25;12;12;0;
DB06;-3;Waypoint;45,9;2;0;2039;681;False;True;None;25;12;12;0;
DB06;-3;Waypoint;46,0;2;0;2081;677;False;True;None;25;12;12;0;
DB06;-3;Waypoint;46,1;2;0;2225;548;False;True;None;25;12;12;0;
DB06;-3;Waypoint;46,2;2;0;2277;499;False;True;None;25;12;12;0;
DB06;-3;Waypoint;46,3;2;0;2267;571;False;True;None;26;12;12;0;
DB06;-3;Waypoint;46,4;2;0;2284;760;False;True;None;26;12;12;0;
DB06;-3;Waypoint;46,5;2;0;2291;928;False;True;None;26;12;12;0;
DB06;-3;Waypoint;46,6;2;0;2312;828;False;True;None;26;12;12;0;
DB06;-3;Waypoint;46,7;2;0;2267;541;False;True;None;26;12;12;0;
DB06;-3;Waypoint;46,8;2;0;2257;512;False;True;None;26;12;12;0;
DB06;-3;Waypoint;46,9;2;0;2267;680;False;True;None;27;12;12;0;
DB06;-3;Waypoint;47,0;2;0;2267;876;False;True;None;27;12;12;0;
DB06;-3;Waypoint;47,1;2;0;2264;859;False;True;None;27;12;12;0;
DB06;-3;Waypoint;47,2;2;0;2253;635;False;True;None;27;12;12;0;
DB06;-3;Waypoint;47,3;2;0;2253;590;False;True;None;27;12;12;0;
DB06;-3;Waypoint;47,4;2;0;2253;694;False;True;None;28;12;12;0;
DB06;-3;Waypoint;47,5;2;0;2239;841;False;True;None;28;12;12;0;
DB06;-3;Waypoint;47,6;2;0;2236;876;False;True;None;28;12;12;0;
DB06;-3;Waypoint;47,7;2;0;2246;817;False;True;None;28;12;12;0;
DB06;-3;Waypoint;47,8;2;0;2127;726;False;True;None;28;12;12;0;
DB06;-3;Waypoint;47,9;2;0;1473;708;False;True;None;28;12;12;0;
DB06;-3;Waypoint;48,0;2;0;734;918;False;True;None;28;12;12;0;
DB06;-3;Waypoint;48,1;2;0;538;1058;False;True;None;28;12;12;0;
DB06;-3;Waypoint;48,2;2;0;444;1145;False;True;None;28;12;12;0;
DB06;-3;Waypoint;48,3;2;0;255;1180;False;True;None;28;12;12;0;
DB06;-3;Waypoint;48,4;1;1;160;1264;False;False;None;28;12;12;0;
DB06;-3;Waypoint;48,5;1;1;163;1317;False;False;None;28;12;12;0;
DB06;-3;Waypoint;48,6;1;1;157;1362;False;False;None;28;12;12;0;
DB06;-3;Waypoint;48,7;1;1;157;1360;False;False;None;28;12;12;0;
DB06;-3;Waypoint;48,8;1;1;139;1335;False;False;None;28;12;12;0;
DB06;-3;Waypoint;48,9;1;1;139;1325;False;False;None;29;12;12;0;
DB06;-3;Waypoint;49,0;1;1;160;1307;False;False;None;29;12;12;0;
DB06;-3;Waypoint;49,1;1;1;688;1181;False;False;None;29;12;12;0;
DB06;-3;Waypoint;49,2;1;1;923;1027;False;False;None;29;12;12;0;
DB06;-3;Waypoint;49,3;1;1;944;1017;False;False;None;29;12;12;0;
DB06;-3;Waypoint;49,4;1;1;989;996;False;True;None;29;12;12;0;
DB06;-3;Waypoint;49,5;1;1;1182;887;False;True;None;29;12;12;0;
DB06;-3;Waypoint;49,6;1;1;1248;807;False;True;None;29;12;12;0;
DB06;-3;Waypoint;49,7;1;1;1465;726;False;True;None;29;12;12;0;
DB06;-3;Waypoint;49,8;1;1;1640;656;False;True;None;29;12;12;0;
DB06;-3;Waypoint;49,9;1;1;1941;604;False;True;None;29;12;12;0;
DB06;-3;Waypoint;50,0;1;1;2081;590;False;True;None;29;12;12;0;
DB06;-3;Waypoint;50,1;1;1;2092;610;False;True;None;29;12;12;0;
DB06;-3;Waypoint;50,2;1;1;2186;676;False;True;None;29;12;12;0;
DB06;-3;Waypoint;50,3;1;1;2249;834;False;True;None;29;12;12;0;
DB06;-3;Waypoint;50,4;1;1;2253;765;False;True;None;30;12;12;0;
DB06;-3;Waypoint;50,5;1;1;2246;583;False;True;None;30;12;12;0;
DB06;-3;Waypoint;50,6;1;1;2232;408;False;True;None;30;12;12;0;
DB06;-3;Waypoint;50,7;1;1;2232;373;False;True;None;30;12;12;0;
DB06;-3;Waypoint;50,8;1;1;2235;508;False;True;None;30;12;12;0;
DB06;-3;Waypoint;50,9;1;1;2222;578;False;True;None;30;12;12;0;
DB06;-3;Waypoint;51,0;1;1;2225;548;False;True;None;30;12;12;0;
DB06;-3;Waypoint;51,1;1;1;2235;530;False;True;None;30;12;12;0;
DB06;-3;Waypoint;51,2;1;1;2246;596;False;True;None;30;12;12;0;
DB06;-3;Waypoint;51,3;1;1;2263;809;False;True;None;30;12;12;0;
DB06;-3;Waypoint;51,4;1;1;2243;663;False;True;None;31;12;12;0;
DB06;-3;Waypoint;51,5;1;1;2225;436;False;True;None;31;12;12;0;
DB06;-3;Waypoint;51,6;1;1;2222;445;False;True;None;31;12;12;0;
DB06;-3;Waypoint;51,7;1;1;2225;722;False;True;None;31;12;12;0;
DB06;-3;Waypoint;51,8;1;1;2225;656;False;True;None;32;12;12;0;
DB06;-3;Waypoint;51,9;1;1;2215;478;False;True;None;32;12;12;0;
DB06;-3;Waypoint;52,0;1;1;2215;460;False;True;None;32;12;12;0;
DB06;-3;Waypoint;52,1;1;1;2215;460;False;True;None;32;12;12;0;
DB06;-3;Waypoint;52,2;1;1;2215;460;False;True;None;32;12;12;0;
DB06;-3;Waypoint;52,3;1;1;2221;578;False;True;None;32;12;12;0;
DB06;-3;Waypoint;52,4;1;1;2235;823;False;True;None;32;12;12;0;
DB06;-3;Waypoint;52,5;1;1;2235;879;False;True;None;32;12;12;0;
DB06;-3;Waypoint;52,6;1;1;2235;842;False;True;None;32;12;12;0;
DB06;-3;Waypoint;52,7;1;1;2215;593;False;True;None;32;12;12;0;
DB06;-3;Waypoint;52,8;1;1;2211;586;False;True;None;33;12;12;0;
DB06;-3;Waypoint;52,9;1;1;2218;576;False;True;None;33;12;12;0;
DB06;-3;Waypoint;53,0;1;1;2225;499;False;True;None;33;12;12;0;
DB06;-3;Waypoint;53,1;1;1;2232;694;False;True;None;33;12;12;0;
DB06;-3;Waypoint;53,2;1;1;2232;760;False;True;None;33;12;12;0;
DB06;-3;Waypoint;53,3;1;1;2225;670;False;True;None;33;12;12;0;
DB06;-3;Waypoint;53,4;1;1;2204;572;False;True;None;33;12;12;0;
DB06;-3;Waypoint;53,5;1;1;2197;592;False;True;None;33;12;13;0;
DB06;-3;Waypoint;53,6;1;1;2194;659;False;True;None;33;12;13;0;
DB06;-3;Waypoint;53,7;1;1;2194;659;False;True;None;33;12;13;0;
DB06;-3;Waypoint;53,8;1;1;2194;659;False;True;None;33;13;13;0;
DB06;-3;Waypoint;53,9;1;1;2194;656;False;True;None;33;13;13;0;
DB06;-3;Waypoint;54,0;1;1;2221;795;False;True;None;33;13;13;0;
DB06;-3;Waypoint;54,1;1;1;2228;946;False;True;None;33;13;13;0;
DB06;-3;Waypoint;54,2;1;1;2228;870;False;True;None;34;13;13;0;
DB06;-3;Waypoint;54,3;1;1;2225;660;False;True;None;34;13;13;0;
DB06;-3;Waypoint;54,4;1;1;2225;523;False;True;None;34;13;13;0;
DB06;-3;Waypoint;54,5;1;1;2225;499;False;True;None;34;13;13;0;
DB06;-3;Waypoint;54,6;1;1;2222;613;False;True;None;34;13;13;0;
DB06;-3;Waypoint;54,7;1;1;2232;732;False;True;None;34;13;13;0;
DB06;-3;Waypoint;54,8;1;1;2225;632;False;True;None;35;13;13;0;
DB06;-3;Waypoint;54,9;1;1;2222;425;False;True;None;35;13;13;0;
DB06;-3;Waypoint;55,0;1;1;2218;352;False;True;None;35;13;13;0;
DB06;-3;Waypoint;55,1;1;1;2218;352;False;True;None;35;13;13;0;
DB06;-3;Waypoint;55,2;1;1;2218;375;False;True;None;35;13;13;0;
DB06;-3;Waypoint;55,3;1;1;2218;382;False;True;None;35;13;13;0;
DB06;-3;Waypoint;55,4;1;1;2218;382;False;True;None;35;13;13;0;
DB06;-3;Waypoint;55,5;1;1;2218;382;False;True;None;35;13;13;0;
DB06;-3;Waypoint;55,6;1;1;2218;382;False;True;None;35;13;13;0;
DB06;-3;Waypoint;55,7;1;1;2218;414;False;True;None;35;13;13;0;
DB06;-3;Waypoint;55,8;1;1;2218;589;False;True;None;35;13;13;0;
DB06;-3;Waypoint;55,9;1;1;2215;613;False;True;None;35;13;13;0;
DB06;-3;Waypoint;56,0;1;1;2201;676;False;True;None;35;13;14;0;
DB06;-3;Waypoint;56,1;1;1;2173;757;False;True;None;35;13;14;0;
DB06;-3;Waypoint;56,2;1;1;2173;771;False;True;None;35;13;14;0;
DB06;-3;Waypoint;56,3;1;1;2173;771;False;True;None;35;14;14;0;
DB06;-3;Waypoint;56,4;1;1;2169;754;False;True;None;35;14;14;0;
DB06;-3;Waypoint;56,5;1;1;2176;754;False;True;None;35;14;14;0;
DB06;-3;Waypoint;56,6;1;1;2204;830;False;True;None;35;14;14;0;
DB06;-3;Waypoint;56,7;1;1;2225;974;False;True;None;35;14;14;0;
DB06;-3;Waypoint;56,8;1;1;2222;852;False;True;None;36;14;14;0;
DB06;-3;Waypoint;56,9;1;1;2204;600;False;True;None;36;14;14;0;
DB06;-3;Waypoint;57,0;1;1;2187;506;False;True;None;36;14;14;0;
DB06;-3;Waypoint;57,1;1;1;2183;592;False;True;None;36;14;15;0;
DB06;-3;Waypoint;57,2;1;1;2180;767;False;True;None;36;14;15;0;
DB06;-3;Waypoint;57,3;1;1;2190;851;False;True;None;36;14;15;0;
DB06;-3;Waypoint;57,4;1;1;2197;900;False;True;None;36;14;15;0;
DB06;-3;Waypoint;57,5;1;1;2200;918;False;True;None;36;14;15;0;
DB06;-3;Waypoint;57,6;1;1;2200;918;False;True;None;36;15;15;0;
DB06;-3;Waypoint;57,7;1;1;2197;915;False;True;None;36;15;15;0;
DB06;-3;Waypoint;57,8;1;1;2211;870;False;True;None;36;15;15;0;
DB06;-3;Waypoint;57,9;1;1;2239;872;False;True;None;36;15;15;0;
DB06;-3;Waypoint;58,0;1;1;2253;963;False;True;None;36;15;15;0;
DB06;-3;Waypoint;58,1;1;1;2246;866;False;True;None;37;15;15;0;
DB06;-3;Waypoint;58,2;1;1;2222;649;False;True;None;37;15;15;0;
DB06;-3;Waypoint;58,3;1;1;2201;499;False;True;None;37;15;15;0;
DB06;-3;Waypoint;58,4;1;1;2201;498;False;True;None;37;15;15;0;
DB06;-3;Waypoint;58,5;1;1;2180;641;False;True;None;37;15;16;0;
DB06;-3;Waypoint;58,6;1;1;2176;781;False;True;None;37;15;16;0;
DB06;-3;Waypoint;58,7;1;1;2190;848;False;True;None;37;15;16;0;
DB06;-3;Waypoint;58,8;1;1;2193;876;False;True;None;37;16;16;0;
DB06;-3;Waypoint;58,9;1;1;2190;866;False;True;None;37;16;16;0;
DB06;-3;Waypoint;59,0;1;1;2214;925;False;True;None;37;16;16;0;
DB06;-3;Waypoint;59,1;1;1;2228;1058;False;True;None;37;16;16;0;
DB06;-3;Waypoint;59,2;1;1;2222;940;False;True;None;38;16;16;0;
DB06;-3;Waypoint;59,3;1;1;2201;670;False;True;None;38;16;16;0;
DB06;-3;Waypoint;59,4;1;1;2197;527;False;True;None;38;16;16;0;
DB06;-3;Waypoint;59,5;1;1;2197;527;False;True;None;38;16;16;0;
DB06;-3;Waypoint;59,6;1;1;2187;564;False;True;None;38;16;16;0;
DB06;-3;Waypoint;59,7;1;1;2180;687;False;True;None;38;16;17;0;
DB06;-3;Waypoint;59,8;1;1;2176;788;False;True;None;38;16;17;0;
DB06;-3;Waypoint;59,9;1;1;2176;841;False;True;None;38;16;17;0;
DB06;-3;Waypoint;60,0;1;1;2179;858;False;True;None;38;16;17;0;
DB06;-3;Waypoint;60,1;1;1;2179;858;False;True;None;38;17;17;0;
DB06;-3;Waypoint;60,2;1;1;2183;862;False;True;None;38;17;17;0;
DB06;-3;Waypoint;60,3;1;1;2225;974;False;True;None;38;17;17;0;
DB06;-3;Waypoint;60,4;1;1;2235;1010;False;True;None;38;17;17;0;
DB06;-3;Waypoint;60,5;1;1;2222;828;False;True;None;39;17;17;0;
DB06;-3;Waypoint;60,6;1;1;2204;586;False;True;None;39;17;17;0;
DB06;-3;Waypoint;60,7;1;1;2194;495;False;True;None;39;17;17;0;
DB06;-3;Waypoint;60,8;1;1;2190;536;False;True;None;39;17;18;0;
DB06;-3;Waypoint;60,9;1;1;2187;750;False;True;None;39;17;18;0;
DB06;-3;Waypoint;61,0;1;1;2179;897;False;True;None;39;17;18;0;
DB06;-3;Waypoint;61,1;1;1;2186;974;False;True;None;39;17;18;0;
DB06;-3;Waypoint;61,2;1;1;2186;988;False;True;None;39;18;18;0;
DB06;-3;Waypoint;61,3;1;1;2186;988;False;True;None;39;18;18;0;
DB06;-3;Waypoint;61,4;1;1;2207;1009;False;True;None;39;18;18;0;
DB06;-3;Waypoint;61,5;1;1;2253;1121;False;True;None;39;18;18;0;
DB06;-3;Waypoint;61,6;1;1;2253;1073;False;True;None;40;18;18;0;
DB06;-3;Waypoint;61,7;1;1;2243;950;False;True;None;40;18;18;0;
DB06;-3;Waypoint;61,8;1;1;2236;873;False;True;None;40;18;18;0;
DB06;-3;Waypoint;61,9;1;1;2236;870;False;True;None;40;18;18;0;
DB06;-3;Waypoint;62,0;1;1;2236;870;False;True;None;40;18;18;0;
DB06;-3;Waypoint;62,1;1;1;2232;870;False;True;None;40;18;18;0;
DB06;-3;Waypoint;62,2;1;1;2208;817;False;True;None;40;18;18;0;
DB06;-3;Waypoint;62,3;1;1;2201;807;False;True;None;40;18;18;0;
DB06;-3;Waypoint;62,4;1;1;2194;775;False;True;None;40;18;18;0;
DB06;-3;Waypoint;62,5;1;1;2194;775;False;True;None;40;18;18;0;
DB06;-3;Waypoint;62,6;1;1;2187;768;False;True;None;40;18;18;0;
DB06;-3;Waypoint;62,7;1;1;2187;765;False;True;None;40;18;18;0;
DB06;-3;Waypoint;62,8;1;1;2183;761;False;True;None;40;18;18;0;
DB06;-3;Waypoint;62,9;1;1;2183;761;False;True;None;40;18;18;0;
DB06;-3;Waypoint;63,0;1;1;2183;754;False;True;None;40;18;18;0;
DB06;-3;Waypoint;63,1;1;1;2183;757;False;True;None;40;18;18;0;
DB06;-3;Waypoint;63,2;1;1;2193;869;False;True;None;40;18;18;0;
DB06;-3;Waypoint;63,3;1;1;2193;949;False;True;None;40;18;18;0;
DB06;-3;Waypoint;63,4;1;1;2193;949;False;True;None;40;18;18;0;
DB06;-3;Waypoint;63,5;1;1;2187;949;False;True;None;40;18;18;0;
DB06;-3;Waypoint;63,6;1;1;2190;870;False;True;None;41;18;18;0;
DB06;-3;Waypoint;63,7;1;1;2190;681;False;True;None;41;18;18;0;
DB06;-3;Waypoint;63,8;1;1;2180;488;False;True;None;41;18;18;0;
DB06;-3;Waypoint;63,9;1;1;2180;422;False;True;None;41;18;18;0;
DB06;-3;Waypoint;64,0;1;1;2180;470;False;True;None;41;18;18;0;
DB06;-3;Waypoint;64,1;1;1;2173;655;False;True;None;41;18;19;0;
DB06;-3;Waypoint;64,2;1;1;2179;739;False;True;None;41;18;19;0;
DB06;-3;Waypoint;64,3;1;1;2176;781;False;True;None;41;18;19;0;
DB06;-3;Waypoint;64,4;1;1;2173;785;False;True;None;41;19;19;0;
DB06;-3;Waypoint;64,5;1;1;2173;785;False;True;None;41;19;19;0;
DB06;-3;Waypoint;64,6;1;1;2190;914;False;True;None;41;19;19;0;
DB06;-3;Waypoint;64,7;1;1;2207;1037;False;True;None;41;19;19;0;
DB06;-3;Waypoint;64,8;1;1;2207;943;False;True;None;42;19;19;0;
DB06;-3;Waypoint;64,9;1;1;2207;716;False;True;None;42;19;19;0;
DB06;-3;Waypoint;65,0;1;1;2207;548;False;True;None;42;19;19;0;
DB06;-3;Waypoint;65,1;1;1;2201;520;False;True;None;42;19;19;0;
DB06;-3;Waypoint;65,2;1;1;2201;578;False;True;None;42;19;19;0;
DB06;-3;Waypoint;65,3;1;1;2201;746;False;True;None;42;19;19;0;
DB06;-3;Waypoint;65,4;1;1;2204;872;False;True;None;42;19;20;0;
DB06;-3;Waypoint;65,5;1;1;2197;946;False;True;None;42;19;20;0;
DB06;-3;Waypoint;65,6;1;1;2183;995;False;True;None;42;19;20;0;
DB06;-3;Waypoint;65,7;1;1;2169;1037;False;True;None;42;19;20;0;
DB06;-3;Waypoint;65,8;1;1;2162;1061;False;True;None;42;19;20;0;
DB06;-3;Waypoint;65,9;1;1;2162;1061;False;True;None;42;20;20;0;
DB06;-3;Waypoint;66,0;1;1;2165;1061;False;True;None;42;20;20;0;
DB06;-3;Waypoint;66,1;1;1;2221;1103;False;True;None;42;20;20;0;
DB06;-3;Waypoint;66,2;1;1;2242;1122;False;True;None;42;20;20;0;
DB06;-3;Waypoint;66,3;1;1;2242;961;False;True;None;43;20;20;0;
DB06;-3;Waypoint;66,4;1;1;2236;747;False;True;None;43;20;20;0;
DB06;-3;Waypoint;66,5;1;1;2229;621;False;True;None;43;20;20;0;
DB06;-3;Waypoint;66,6;1;1;2225;572;False;True;None;43;20;20;0;
DB06;-3;Waypoint;66,7;1;1;2225;624;False;True;None;43;20;20;0;
DB06;-3;Waypoint;66,8;1;1;2201;830;False;True;None;43;20;20;0;
DB06;-3;Waypoint;66,9;1;1;2180;921;False;True;None;43;20;20;0;
DB06;-3;Waypoint;67,0;1;1;2180;967;False;True;None;43;20;21;0;
DB06;-3;Waypoint;67,1;1;1;2180;991;False;True;None;43;20;21;0;
DB06;-3;Waypoint;67,2;1;1;2176;1037;False;True;None;43;20;21;0;
DB06;-3;Waypoint;67,3;1;1;2169;1065;False;True;None;43;20;21;0;
DB06;-3;Waypoint;67,4;1;1;2166;1075;False;True;None;43;20;21;0;
DB06;-3;Waypoint;67,5;1;1;2166;1075;False;True;None;43;20;21;0;
DB06;-3;Waypoint;67,6;1;1;2166;1075;False;True;None;43;21;21;0;
DB06;-3;Waypoint;67,7;1;1;2166;1075;False;True;None;43;21;21;0;
DB06;-3;Waypoint;67,8;1;1;2176;1086;False;True;None;43;21;21;0;
DB06;-3;Waypoint;67,9;1;1;2211;1177;False;True;None;43;21;21;0;
DB06;-3;Waypoint;68,0;1;1;2214;1150;False;True;None;44;21;21;0;
DB06;-3;Waypoint;68,1;1;1;2211;929;False;True;None;44;21;21;0;
DB06;-3;Waypoint;68,2;1;1;2204;789;False;True;None;44;21;21;0;
DB06;-3;Waypoint;68,3;1;1;2197;698;False;True;None;44;21;21;0;
DB06;-3;Waypoint;68,4;1;1;2194;663;False;True;None;44;21;21;0;
DB06;-3;Waypoint;68,5;1;1;2194;694;False;True;None;44;21;21;0;
DB06;-3;Waypoint;68,6;1;1;2194;823;False;True;None;44;21;21;0;
DB06;-3;Waypoint;68,7;1;1;2180;925;False;True;None;44;21;22;0;
DB06;-3;Waypoint;68,8;1;1;2200;1009;False;True;None;44;21;22;0;
DB06;-3;Waypoint;68,9;1;1;2207;1047;False;True;None;44;21;22;0;
DB06;-3;Waypoint;69,0;1;1;2197;1079;False;True;None;44;21;22;0;
DB06;-3;Waypoint;69,1;1;1;2194;1082;False;True;None;44;21;22;0;
DB06;-3;Waypoint;69,2;1;1;2180;1107;False;True;None;44;21;22;0;
DB06;-3;Waypoint;69,3;1;1;2180;1107;False;True;None;44;22;22;0;
DB06;-3;Waypoint;69,4;1;1;2176;1101;False;True;None;44;22;22;0;
DB06;-3;Waypoint;69,5;1;1;2218;1114;False;True;None;44;22;22;0;
DB06;-3;Waypoint;69,6;1;1;2246;1170;False;True;None;44;22;22;0;
DB06;-3;Waypoint;69,7;1;1;2239;1055;False;True;None;45;22;22;0;
DB06;-3;Waypoint;69,8;1;1;2229;758;False;True;None;45;22;22;0;
DB06;-3;Waypoint;69,9;1;1;2235;593;False;True;None;45;22;22;0;
DB06;-3;Waypoint;70,0;1;1;2232;551;False;True;None;45;22;22;0;
DB06;-3;Waypoint;70,1;1;1;2225;606;False;True;None;45;22;22;0;
DB06;-3;Waypoint;70,2;1;1;2215;729;False;True;None;45;22;22;0;
DB06;-3;Waypoint;70,3;1;1;2204;802;False;True;None;45;22;22;0;
DB06;-3;Waypoint;70,4;1;1;2204;848;False;True;None;45;22;22;0;
DB06;-3;Waypoint;70,5;1;1;2204;872;False;True;None;45;22;22;0;
DB06;-3;Waypoint;70,6;1;1;2207;893;False;True;None;45;22;23;0;
DB06;-3;Waypoint;70,7;1;1;2207;918;False;True;None;45;22;23;0;
DB06;-3;Waypoint;70,8;1;1;2207;918;False;True;None;45;23;23;0;
DB06;-3;Waypoint;70,9;1;1;2207;918;False;True;None;45;23;23;0;
DB06;-3;Waypoint;71,0;1;1;2284;921;False;True;None;45;23;23;0;
DB06;-3;Waypoint;71,1;1;1;2347;1002;False;True;None;45;23;23;0;
DB06;-3;Waypoint;71,2;1;1;2344;1010;False;True;None;45;23;23;0;
DB06;-3;Waypoint;71,3;1;1;2337;908;False;True;None;46;23;23;0;
DB06;-3;Waypoint;71,4;1;1;2330;796;False;True;None;46;23;23;0;
DB06;-3;Waypoint;71,5;1;1;2327;744;False;True;None;46;23;23;0;
DB06;-3;Waypoint;71,6;1;1;2316;730;False;True;None;46;23;23;0;
DB06;-3;Waypoint;71,7;1;1;2274;639;False;True;None;46;23;23;0;
DB06;-3;Waypoint;71,8;1;1;2246;597;False;True;None;46;23;23;0;
DB06;-3;Waypoint;71,9;1;1;2236;599;False;True;None;46;23;23;0;
DB06;-3;Waypoint;72,0;1;1;2232;641;False;True;None;46;23;23;0;
DB06;-3;Waypoint;72,1;1;1;2232;729;False;True;None;46;23;23;0;
DB06;-3;Waypoint;72,2;1;1;2249;823;False;True;None;46;23;23;0;
DB06;-3;Waypoint;72,3;1;1;2263;904;False;True;None;46;23;23;0;
DB06;-3;Waypoint;72,4;1;1;2267;845;False;True;None;47;23;23;0;
DB06;-3;Waypoint;72,5;1;1;2257;733;False;True;None;47;23;23;0;
DB06;-3;Waypoint;72,6;1;1;2257;750;False;True;None;47;23;24;0;
DB06;-3;Waypoint;72,7;1;1;2257;830;False;True;None;47;23;24;0;
DB06;-3;Waypoint;72,8;1;1;2260;828;False;True;None;47;24;24;0;
DB06;-3;Waypoint;72,9;1;1;2277;779;False;True;None;47;24;24;0;
DB06;-3;Waypoint;73,0;1;1;2358;579;False;True;None;47;24;24;0;
DB06;-3;Waypoint;73,1;1;1;2386;627;False;True;None;47;24;24;0;
DB06;-3;Waypoint;73,2;1;1;2372;823;False;True;None;47;24;24;0;
DB06;-3;Waypoint;73,3;1;1;2358;768;False;True;None;48;24;24;0;
DB06;-3;Waypoint;73,4;1;1;2337;551;False;True;None;48;24;24;0;
DB06;-3;Waypoint;73,5;1;1;2320;401;False;True;None;48;24;24;0;
DB06;-3;Waypoint;73,6;1;1;2313;438;False;True;None;48;24;24;0;
DB06;-3;Waypoint;73,7;1;1;2292;631;False;True;None;48;24;25;0;
DB06;-3;Waypoint;73,8;1;1;2271;785;False;True;None;48;24;25;0;
DB06;-3;Waypoint;73,9;1;1;2264;865;False;True;None;48;24;25;0;
DB06;-3;Waypoint;74,0;1;1;2264;869;False;True;None;48;25;25;0;
DB06;-3;Waypoint;74,1;1;1;2281;824;False;True;None;48;25;25;0;
DB06;-3;Waypoint;74,2;1;1;2361;555;False;True;None;48;25;25;0;
DB06;-3;Waypoint;74,3;1;1;2417;436;False;True;None;48;25;25;0;
DB06;-3;Waypoint;74,4;1;1;2417;432;False;True;None;48;25;25;0;
DB06;-3;Waypoint;74,5;1;1;2417;432;False;True;None;48;25;25;0;
DB06;-3;Waypoint;74,6;1;1;2411;442;False;True;None;48;25;25;0;
DB06;-3;Waypoint;74,7;1;1;2407;449;False;True;None;48;25;25;0;
DB06;-3;Waypoint;74,8;1;1;2404;452;False;True;None;48;25;25;0;
DB06;-3;Waypoint;74,9;1;1;2404;452;False;True;None;48;25;25;0;
DB06;-3;Waypoint;75,0;1;1;2404;459;False;True;None;48;25;25;0;
DB06;-3;Waypoint;75,1;1;1;2404;466;False;True;None;48;25;25;0;
DB06;-3;Waypoint;75,2;1;1;2404;466;False;True;None;48;25;25;0;
DB06;-3;Waypoint;75,3;1;1;2404;477;False;True;None;48;25;25;0;
DB06;-3;Waypoint;75,4;1;1;2404;477;False;True;None;48;25;25;0;
DB06;-3;Waypoint;75,5;1;1;2404;477;False;True;None;48;25;25;0;
DB06;-3;Waypoint;75,6;1;1;2404;477;False;True;None;48;25;25;0;
DB06;-3;Waypoint;75,7;1;1;2404;480;False;True;None;48;25;25;0;
DB06;-3;Waypoint;75,8;1;1;2404;484;False;True;None;48;25;25;0;
DB06;-3;Waypoint;75,9;1;1;2404;484;False;True;None;48;25;25;0;
DB06;-3;Waypoint;76,0;1;1;2404;484;False;True;None;48;25;25;0;
DB06;-3;Waypoint;76,1;1;1;2404;484;False;True;None;48;25;25;0;
DB06;-3;Waypoint;76,2;1;1;2404;484;False;True;None;48;25;25;0;
DB06;-3;Waypoint;76,3;1;1;2404;484;False;True;None;48;25;25;0;
DB06;-3;Waypoint;76,4;1;1;2404;484;False;True;None;48;25;25;0;
DB06;-3;Waypoint;76,5;1;1;2404;484;False;True;None;48;25;25;0;
DB06;-3;Waypoint;76,6;1;1;2404;484;False;True;None;48;25;25;0;
DB06;-3;Waypoint;76,7;1;1;2400;478;False;True;None;48;25;25;0;
DB06;-3;Waypoint;76,8;1;1;2400;478;False;True;None;48;25;25;0;
DB06;-3;Waypoint;76,9;1;1;2400;478;False;True;None;48;25;25;0;
DB06;-3;Waypoint;77,0;1;1;2400;478;False;True;None;48;25;25;0;
DB06;-3;Waypoint;77,1;1;1;2400;478;False;True;None;48;25;25;0;
DB06;-3;Waypoint;77,2;1;1;2400;478;False;True;None;48;25;25;0;
DB06;-3;Waypoint;77,3;1;1;2400;478;False;True;None;48;25;25;0;
DB06;-3;Waypoint;77,4;1;1;2400;478;False;True;None;48;25;25;0;
DB06;-3;Waypoint;77,5;1;1;2400;478;False;True;None;48;25;25;0;
DB06;-3;Waypoint;77,6;1;1;2400;478;False;True;None;48;25;25;0;
DB06;-3;Waypoint;77,7;1;1;2400;478;False;True;None;48;25;25;0;
DB06;-3;Waypoint;77,8;1;1;2400;478;False;True;None;48;25;25;0;
DB06;-3;Waypoint;77,9;1;1;2400;478;False;True;None;48;25;25;0;
DB06;-3;Waypoint;78,0;1;1;2400;478;False;True;None;48;25;25;0;
DB06;-3;Waypoint;78,1;1;1;2400;478;False;True;None;48;25;25;0;
DB06;-3;Waypoint;78,2;1;1;2400;478;False;True;None;48;25;25;0;
DB06;-3;Waypoint;78,3;1;1;2400;478;False;True;None;48;25;25;0;
DB06;-3;Waypoint;78,4;1;1;2400;478;False;True;None;48;25;25;0;
DB06;-3;Waypoint;78,5;1;1;2400;478;False;True;None;48;25;25;0;
DB06;-3;Waypoint;78,6;1;1;2400;478;False;True;None;48;25;25;0;
DB06;-3;Waypoint;78,7;1;1;2400;478;False;True;None;48;25;25;0;
DB06;-3;Waypoint;78,8;1;1;2400;478;False;True;None;48;25;25;0;
DB06;-3;Waypoint;78,9;1;1;2400;478;False;True;None;48;25;25;0;
DB06;-3;Waypoint;79,0;1;1;2400;478;False;True;None;48;25;25;0;
DB06;-3;Waypoint;79,1;1;1;2400;478;False;True;None;48;25;25;0;
DB06;-3;Waypoint;79,2;1;1;2400;478;False;True;None;48;25;25;0;
DB06;-3;Waypoint;79,3;1;1;2400;478;False;True;None;48;25;25;0;
DB06;-3;Waypoint;79,4;1;1;2400;478;False;True;None;48;25;25;0;
DB06;-3;Waypoint;79,5;1;1;2400;478;False;True;None;48;25;25;0;
DB06;-3;Waypoint;79,6;1;1;2400;478;False;True;None;48;25;25;0;
DB06;-3;Waypoint;79,7;1;1;2400;478;False;True;None;48;25;25;0;
DB06;-3;Waypoint;79,8;1;1;2400;478;False;True;None;48;25;25;0;
DB06;-3;Waypoint;79,9;1;1;2400;478;False;True;None;48;25;25;0;
DB06;-3;Waypoint;80,0;1;1;2400;478;False;True;None;48;25;25;0;
DB06;-3;Waypoint;80,1;1;1;2400;478;False;True;None;48;25;25;0;
DB06;-3;Waypoint;80,2;1;1;2393;536;False;True;None;48;25;25;0;
DB06;-3;Waypoint;80,3;1;1;2372;690;False;True;None;48;25;25;0;
DB06;-3;Waypoint;80,4;1;1;2365;705;False;True;None;49;25;25;0;
DB06;-3;Waypoint;80,5;1;1;2365;642;False;True;None;49;25;25;0;
DB06;-3;Waypoint;80,6;1;1;2365;604;False;True;None;49;25;25;0;
DB06;-3;Waypoint;80,7;1;1;2365;600;False;True;None;49;25;25;0;
DB06;-3;Waypoint;80,8;1;1;2368;586;False;True;None;49;25;25;0;
DB06;-3;Waypoint;80,9;1;1;2368;579;False;True;None;49;25;25;0;
DB06;-3;Waypoint;81,0;1;1;2368;579;False;True;None;49;25;25;0;
DB06;-3;Waypoint;81,1;1;1;2368;579;False;True;None;49;25;25;0;
DB06;-3;Waypoint;81,2;1;1;2372;572;False;True;None;49;25;25;0;
DB06;-3;Waypoint;81,3;1;1;2372;572;False;True;None;49;25;25;0;
DB06;-3;Waypoint;81,4;1;1;2372;572;False;True;None;49;25;25;0;
DB06;-3;Waypoint;81,5;1;1;2372;572;False;True;None;49;25;25;0;
DB06;-3;Waypoint;81,6;1;1;2372;572;False;True;None;49;25;25;0;
DB06;-3;Waypoint;81,7;1;1;2372;562;False;True;None;49;25;25;0;
DB06;-3;Waypoint;81,8;1;1;2372;558;False;True;None;49;25;25;0;
DB06;-3;Waypoint;81,9;1;1;2372;558;False;True;None;49;25;25;0;
DB06;-3;Waypoint;82,0;1;1;2372;558;False;True;None;49;25;25;0;
DB06;-3;Waypoint;82,1;1;1;2372;558;False;True;None;49;25;25;0;
DB06;-3;Waypoint;82,2;1;1;2372;558;False;True;None;49;25;25;0;
DB06;-3;Waypoint;82,3;1;1;2372;558;False;True;None;49;25;25;0;
DB06;-3;Waypoint;82,4;1;1;2372;558;False;True;None;49;25;25;0;
DB06;-3;Waypoint;82,5;1;1;2372;551;False;True;None;49;25;25;0;
DB06;-3;Waypoint;82,6;1;1;2372;551;False;True;None;49;25;25;0;
DB06;-3;Waypoint;82,7;1;1;2372;554;False;True;None;49;25;25;0;
DB06;-3;Waypoint;82,8;1;1;2372;554;False;True;None;49;25;25;0;
DB06;-3;Waypoint;82,9;1;1;2372;554;False;True;None;49;25;25;0;
DB06;-3;Waypoint;83,0;1;1;2372;554;False;True;None;49;25;25;0;
DB06;-3;Waypoint;83,1;1;1;2372;554;False;True;None;49;25;25;0;
DB06;-3;Waypoint;83,2;1;1;2372;554;False;True;None;49;25;25;0;
DB06;-3;Waypoint;83,3;1;1;2372;554;False;True;None;49;25;25;0;
DB06;-3;Waypoint;83,4;1;1;2372;554;False;True;None;49;25;25;0;
DB06;-3;Waypoint;83,5;1;1;2372;554;False;True;None;49;25;25;0;
DB06;-3;Waypoint;83,6;1;1;2372;554;False;True;None;49;25;25;0;
DB06;-3;Waypoint;83,7;1;1;2372;551;False;True;None;49;25;25;0;
DB06;-3;Waypoint;83,8;1;1;2372;551;False;True;None;49;25;25;0;
DB06;-3;Waypoint;83,9;1;1;2372;554;False;True;None;49;25;25;0;
DB06;-3;Waypoint;84,0;1;1;2372;554;False;True;None;49;25;25;0;
DB06;-3;Waypoint;84,1;1;1;2372;561;False;True;None;49;25;25;0;
DB06;-3;Waypoint;84,2;1;1;2369;578;False;True;None;49;25;25;0;
DB06;-3;Waypoint;84,3;1;1;2365;582;False;True;None;49;25;25;0;
DB06;-3;Waypoint;84,4;1;1;2362;565;False;True;None;49;25;25;0;
DB06;-3;Waypoint;84,5;1;1;2358;548;False;True;None;49;25;25;0;
DB06;-3;Waypoint;84,6;1;1;2358;554;False;True;None;49;25;25;0;
DB06;-3;Waypoint;84,7;1;1;2358;554;False;True;None;49;25;25;0;
DB06;-3;Waypoint;84,8;1;1;2358;554;False;True;None;49;25;25;0;
DB06;-3;Waypoint;84,9;1;1;2358;554;False;True;None;49;25;25;0;
DB06;-3;Waypoint;85,0;1;1;2358;568;False;True;None;49;25;25;0;
DB06;-3;Waypoint;85,1;1;1;2355;582;False;True;None;49;25;25;0;
DB06;-3;Waypoint;85,2;1;1;2355;582;False;True;None;49;25;25;0;
DB06;-3;Waypoint;85,3;1;1;2351;576;False;True;None;49;25;25;0;
DB06;-3;Waypoint;85,4;1;1;2351;569;False;True;None;49;25;25;0;
DB06;-3;Waypoint;85,5;1;1;2351;569;False;True;None;49;25;25;0;
DB06;-3;Waypoint;85,6;1;1;2351;569;False;True;None;49;25;25;0;
DB06;-3;Waypoint;85,7;1;1;2351;569;False;True;None;49;25;25;0;
DB06;-3;Waypoint;85,8;1;1;2351;569;False;True;None;49;25;25;0;
DB06;-3;Waypoint;85,9;1;1;2351;569;False;True;None;49;25;25;0;
DB06;-3;Waypoint;86,0;1;1;2351;569;False;True;None;49;25;25;0;
DB06;-3;Waypoint;86,1;1;1;2351;569;False;True;None;49;25;25;0;
DB06;-3;Waypoint;86,2;1;1;2354;606;False;True;None;49;25;25;0;
DB06;-3;Waypoint;86,3;1;1;2348;604;False;True;None;49;25;25;0;
DB06;-3;Waypoint;86,4;1;1;2313;544;False;True;None;49;25;25;0;
DB06;-3;Waypoint;86,5;1;1;2239;513;False;True;None;49;25;25;0;
DB06;-3;Waypoint;86,6;1;1;2015;578;False;True;None;49;25;25;0;
DB06;-3;Waypoint;86,7;1;1;1767;694;False;True;None;49;25;25;0;
DB06;-3;Waypoint;86,8;1;1;1739;711;False;True;None;49;25;25;0;
DB06;-3;Waypoint;86,9;1;1;1735;711;False;True;None;49;25;25;0;
DB06;-3;Waypoint;87,0;1;1;1690;715;False;True;None;49;25;25;0;
DB06;-3;Waypoint;87,1;1;1;1630;732;False;True;None;49;25;25;0;
DB06;-3;Waypoint;87,2;1;1;1588;746;False;True;None;49;25;25;0;
DB06;-3;Waypoint;87,3;1;1;1588;750;False;True;None;49;25;25;0;
DB06;-3;Waypoint;87,4;1;1;1588;753;False;True;None;49;25;25;0;
DB06;-3;Waypoint;87,5;1;1;1588;753;False;True;None;49;25;25;0;
DB06;-3;Waypoint;87,6;1;1;1588;753;False;True;None;49;25;25;0;
DB06;-3;Waypoint;87,7;1;1;1588;753;False;True;None;49;25;25;0;
DB06;-3;Waypoint;87,8;1;1;1588;753;False;True;None;49;25;25;0;
DB06;-3;Waypoint;87,9;1;1;1588;753;False;True;None;49;25;25;0;
DB06;-3;Waypoint;88,0;1;1;1588;753;False;True;None;49;25;25;0;
DB06;-3;Waypoint;88,1;1;1;1588;753;False;True;None;49;25;25;0;
DB06;-3;Waypoint;88,2;1;1;1588;753;False;True;None;49;25;25;0;
DB06;-3;Waypoint;88,3;1;1;1588;753;False;True;None;49;25;25;0;
DB06;-3;Waypoint;88,4;1;1;1588;753;False;True;None;49;25;25;0;
DB06;-3;Waypoint;88,5;1;1;1588;753;False;True;None;49;25;25;0;
DB06;-3;Waypoint;88,6;1;1;1588;753;False;True;None;49;25;25;0;
DB06;-3;Waypoint;88,7;1;1;1588;753;False;True;None;49;25;25;0;
DB06;-3;Waypoint;88,8;1;1;1588;753;False;True;None;49;25;25;0;
DB06;-3;Waypoint;88,9;1;1;1588;753;False;True;None;49;25;25;0;
DB06;-3;Waypoint;89,0;1;1;1588;753;False;True;None;49;25;25;0;
